,Available,City,Website,Country
0,Y,Toronto,https://5newsonline.com,Canada
1,Y,Toronto,https://www.99acres.com,Canada
2,Y,Toronto,https://www.aberdeennews.com,Canada
3,Y,Toronto,http://abington.wickedlocal.com,Canada
4,Y,Toronto,https://www.dailyiowegian.com,Canada
5,Y,Toronto,http://agcanada.com,Canada
6,Y,Toronto,https://agdealer.com,Canada
7,Y,Toronto,http://www.agrinews-pubs.com,Canada
8,Y,Toronto,https://www.agupdate.com,Canada
9,Y,Toronto,http://www.ahwatukee.com,Canada
10,Y,Toronto,https://www.aikenstandard.com,Canada
11,Y,Toronto,http://www.aimmediatexas.com,Canada
12,N,Toronto,http://www.airthinx.io,Canada
13,N,Toronto,https://democratherald.com,Canada
14,N,Toronto,http://albertafarmexpress.ca,Canada
15,Y,Toronto,https://www.alicetx.com,Canada
16,Y,Toronto,http://www.alliancetimes.com,Canada
17,Y,Toronto,https://www.alliednews.com,Canada
18,Y,Toronto,http://allston.wickedlocal.com,Canada
19,Y,Toronto,https://www.amny.com,Canada
20,Y,Toronto,https://www.amarillo.com,Canada
21,Y,Toronto,https://www.americanmediainc.com,Canada
22,Y,Toronto,http://americanmilitarynews.com,Canada
23,Y,Toronto,https://www.americanpress.com,Canada
24,Y,Toronto,http://www.amestrib.com,Canada
25,Y,Toronto,https://www.adn.com,Canada
26,Y,Toronto,https://www.anchoragepress.com,Canada
27,Y,Toronto,https://www.andovertownsman.com,Canada
28,Y,Toronto,http://www.apg-wi.com,Canada
29,Y,Toronto,https://www.apgwest.com,Canada
30,Y,Toronto,https://www.appeal-democrat.com,Canada
31,Y,Toronto,https://www.northfulton.com,Canada
32,Y,Toronto,https://www.argus-press.com,Canada
33,Y,Toronto,https://tucson.com,Canada
34,Y,Toronto,https://azdailysun.com,Canada
35,Y,London,https://5newsonline.com,England
36,Y,London,https://www.99acres.com,England
37,N,London,https://www.aberdeennews.com,England
38,N,London,http://abington.wickedlocal.com,England
39,N,London,https://www.dailyiowegian.com,England
40,N,London,http://agcanada.com,England
41,N,London,https://agdealer.com,England
42,Y,London,http://www.agrinews-pubs.com,England
43,Y,London,https://www.agupdate.com,England
44,Y,London,http://www.ahwatukee.com,England
45,Y,London,https://www.aikenstandard.com,England
46,Y,London,http://www.aimmediatexas.com,England
47,N,London,http://www.airthinx.io,England
48,N,London,https://democratherald.com,England
49,N,London,http://albertafarmexpress.ca,England
50,Y,London,http://www.aledotimesrecord.com,England
51,N,London,https://www.alicetx.com,England
52,N,London,http://www.alliancetimes.com,England
53,N,London,https://www.alliednews.com,England
54,N,London,http://allston.wickedlocal.com,England
55,N,London,https://www.amny.com,England
56,N,London,https://www.amarillo.com,England
57,N,London,https://www.americanmediainc.com,England
58,N,London,http://americanmilitarynews.com,England
59,N,London,https://www.americanpress.com,England
60,N,London,http://www.amestrib.com,England
61,Y,London,https://www.adn.com,England
62,N,London,https://www.anchoragepress.com,England
63,N,London,https://www.andovertownsman.com,England
64,N,London,http://www.apg-wi.com,England
65,N,London,https://www.apgwest.com,England
66,Y,London,https://www.appeal-democrat.com,England
67,N,London,https://www.northfulton.com,England
68,N,London,https://www.argus-press.com,England
69,N,London,https://tucson.com,England
70,N,London,https://azdailysun.com,England
71,Y,Milan,https://5newsonline.com,Italy
72,Y,Milan,https://www.99acres.com,Italy
73,N,Milan,http://abington.wickedlocal.com,Italy
74,N,Milan,https://www.dailyiowegian.com,Italy
75,N,Milan,http://agcanada.com,Italy
76,N,Milan,https://agdealer.com,Italy
77,Y,Milan,http://www.agrinews-pubs.com,Italy
78,Y,Milan,https://www.agupdate.com,Italy
79,Y,Milan,http://www.ahwatukee.com,Italy
80,Y,Milan,https://www.aikenstandard.com,Italy
81,Y,Milan,http://www.aimmediatexas.com,Italy
82,N,Milan,http://www.airthinx.io,Italy
83,N,Milan,https://democratherald.com,Italy
84,N,Milan,http://albertafarmexpress.ca,Italy
85,Y,Milan,http://www.aledotimesrecord.com,Italy
86,N,Milan,https://www.alicetx.com,Italy
87,Y,Milan,http://www.alliancetimes.com,Italy
88,N,Milan,https://www.alliednews.com,Italy
89,N,Milan,http://allston.wickedlocal.com,Italy
90,N,Milan,https://www.amny.com,Italy
91,N,Milan,https://www.amarillo.com,Italy
92,N,Milan,https://www.americanmediainc.com,Italy
93,N,Milan,http://americanmilitarynews.com,Italy
94,N,Milan,https://www.americanpress.com,Italy
95,N,Milan,http://www.amestrib.com,Italy
96,Y,Milan,https://www.adn.com,Italy
97,N,Milan,https://www.anchoragepress.com,Italy
98,N,Milan,https://www.andovertownsman.com,Italy
99,N,Milan,http://www.apg-wi.com,Italy
100,N,Milan,https://www.apgwest.com,Italy
101,Y,Milan,https://www.appeal-democrat.com,Italy
102,N,Milan,https://www.northfulton.com,Italy
103,N,Milan,https://www.argus-press.com,Italy
104,N,Milan,https://tucson.com,Italy
105,N,Milan,https://azdailysun.com,Italy
106,Y,Frankfurt,https://5newsonline.com,Germany
107,Y,Frankfurt,https://www.99acres.com,Germany
108,N,Frankfurt,https://www.aberdeennews.com,Germany
109,N,Frankfurt,http://abington.wickedlocal.com,Germany
110,N,Frankfurt,https://www.dailyiowegian.com,Germany
111,N,Frankfurt,http://agcanada.com,Germany
112,N,Frankfurt,https://agdealer.com,Germany
113,Y,Frankfurt,http://www.agrinews-pubs.com,Germany
114,Y,Frankfurt,https://www.agupdate.com,Germany
115,Y,Frankfurt,http://www.ahwatukee.com,Germany
116,Y,Frankfurt,https://www.aikenstandard.com,Germany
117,N,Frankfurt,http://www.aimmediatexas.com,Germany
118,N,Frankfurt,http://www.airthinx.io,Germany
119,N,Frankfurt,https://democratherald.com,Germany
120,N,Frankfurt,http://albertafarmexpress.ca,Germany
121,Y,Frankfurt,http://www.aledotimesrecord.com,Germany
122,N,Frankfurt,https://www.alicetx.com,Germany
123,N,Frankfurt,http://www.alliancetimes.com,Germany
124,N,Frankfurt,https://www.alliednews.com,Germany
125,N,Frankfurt,http://allston.wickedlocal.com,Germany
126,N,Frankfurt,https://www.amny.com,Germany
127,N,Frankfurt,https://www.amarillo.com,Germany
128,N,Frankfurt,https://www.americanmediainc.com,Germany
129,N,Frankfurt,http://americanmilitarynews.com,Germany
130,N,Frankfurt,https://www.americanpress.com,Germany
131,N,Frankfurt,http://www.amestrib.com,Germany
132,Y,Frankfurt,https://www.adn.com,Germany
133,N,Frankfurt,https://www.anchoragepress.com,Germany
134,N,Frankfurt,https://www.andovertownsman.com,Germany
135,N,Frankfurt,http://www.apg-wi.com,Germany
136,N,Frankfurt,https://www.apgwest.com,Germany
137,Y,Frankfurt,https://www.appeal-democrat.com,Germany
138,N,Frankfurt,https://www.northfulton.com,Germany
139,N,Frankfurt,https://www.argus-press.com,Germany
140,N,Frankfurt,https://tucson.com,Germany
141,N,Frankfurt,https://azdailysun.com,Germany
142,Y,Vancouver,https://5newsonline.com,Canada
143,Y,Vancouver,https://www.99acres.com,Canada
144,Y,Vancouver,https://www.aberdeennews.com,Canada
145,Y,Vancouver,http://abington.wickedlocal.com,Canada
146,Y,Vancouver,https://www.dailyiowegian.com,Canada
147,Y,Vancouver,http://agcanada.com,Canada
148,Y,Vancouver,https://agdealer.com,Canada
149,Y,Vancouver,http://www.agrinews-pubs.com,Canada
150,Y,Vancouver,https://www.agupdate.com,Canada
151,Y,Vancouver,http://www.ahwatukee.com,Canada
152,Y,Vancouver,https://www.aikenstandard.com,Canada
153,Y,Vancouver,http://www.aimmediatexas.com,Canada
154,N,Vancouver,http://www.airthinx.io,Canada
155,N,Vancouver,https://democratherald.com,Canada
156,N,Vancouver,http://albertafarmexpress.ca,Canada
157,Y,Vancouver,https://www.alicetx.com,Canada
158,Y,Vancouver,http://www.alliancetimes.com,Canada
159,Y,Vancouver,https://www.alliednews.com,Canada
160,Y,Vancouver,http://allston.wickedlocal.com,Canada
161,Y,Vancouver,https://www.amny.com,Canada
162,Y,Vancouver,https://www.amarillo.com,Canada
163,Y,Vancouver,https://www.americanmediainc.com,Canada
164,Y,Vancouver,http://americanmilitarynews.com,Canada
165,Y,Vancouver,https://www.americanpress.com,Canada
166,Y,Vancouver,http://www.amestrib.com,Canada
167,Y,Vancouver,https://www.adn.com,Canada
168,Y,Vancouver,https://www.anchoragepress.com,Canada
169,Y,Vancouver,https://www.andovertownsman.com,Canada
170,Y,Vancouver,http://www.apg-wi.com,Canada
171,Y,Vancouver,https://www.apgwest.com,Canada
172,Y,Vancouver,https://www.appeal-democrat.com,Canada
173,Y,Vancouver,https://www.northfulton.com,Canada
174,Y,Vancouver,https://www.argus-press.com,Canada
175,Y,Vancouver,https://tucson.com,Canada
176,Y,Vancouver,https://azdailysun.com,Canada
177,Y,Haarlem,https://5newsonline.com,Netherlands
178,Y,Haarlem,https://www.99acres.com,Netherlands
179,N,Haarlem,https://www.aberdeennews.com,Netherlands
180,N,Haarlem,http://abington.wickedlocal.com,Netherlands
181,N,Haarlem,https://www.dailyiowegian.com,Netherlands
182,N,Haarlem,http://agcanada.com,Netherlands
183,N,Haarlem,https://agdealer.com,Netherlands
184,Y,Haarlem,http://www.agrinews-pubs.com,Netherlands
185,Y,Haarlem,https://www.agupdate.com,Netherlands
186,Y,Haarlem,http://www.ahwatukee.com,Netherlands
187,Y,Haarlem,https://www.aikenstandard.com,Netherlands
188,N,Haarlem,http://www.aimmediatexas.com,Netherlands
189,N,Haarlem,http://www.airthinx.io,Netherlands
190,N,Haarlem,https://democratherald.com,Netherlands
191,N,Haarlem,http://albertafarmexpress.ca,Netherlands
192,Y,Haarlem,http://www.aledotimesrecord.com,Netherlands
193,N,Haarlem,https://www.alicetx.com,Netherlands
194,N,Haarlem,http://www.alliancetimes.com,Netherlands
195,Y,Haarlem,https://www.alliednews.com,Netherlands
196,Y,Haarlem,http://allston.wickedlocal.com,Netherlands
197,Y,Haarlem,https://www.amny.com,Netherlands
198,N,Haarlem,https://www.amarillo.com,Netherlands
199,N,Haarlem,https://www.americanmediainc.com,Netherlands
200,N,Haarlem,http://americanmilitarynews.com,Netherlands
201,N,Haarlem,https://www.americanpress.com,Netherlands
202,N,Haarlem,http://www.amestrib.com,Netherlands
203,Y,Haarlem,https://www.adn.com,Netherlands
204,N,Haarlem,https://www.anchoragepress.com,Netherlands
205,N,Haarlem,https://www.andovertownsman.com,Netherlands
206,N,Haarlem,http://www.apg-wi.com,Netherlands
207,N,Haarlem,https://www.apgwest.com,Netherlands
208,Y,Haarlem,https://www.appeal-democrat.com,Netherlands
209,N,Haarlem,https://www.northfulton.com,Netherlands
210,N,Haarlem,https://www.argus-press.com,Netherlands
211,N,Haarlem,https://tucson.com,Netherlands
212,N,Haarlem,https://azdailysun.com,Netherlands
213,Y,Sydney,https://5newsonline.com,Australia
214,Y,Sydney,https://www.99acres.com,Australia
215,Y,Sydney,https://www.aberdeennews.com,Australia
216,Y,Sydney,http://abington.wickedlocal.com,Australia
217,Y,Sydney,https://www.dailyiowegian.com,Australia
218,Y,Sydney,http://agcanada.com,Australia
219,Y,Sydney,https://agdealer.com,Australia
220,Y,Sydney,http://www.agrinews-pubs.com,Australia
221,Y,Sydney,https://www.agupdate.com,Australia
222,Y,Sydney,http://www.ahwatukee.com,Australia
223,Y,Sydney,https://www.aikenstandard.com,Australia
224,Y,Sydney,http://www.aimmediatexas.com,Australia
225,N,Sydney,http://www.airthinx.io,Australia
226,N,Sydney,https://democratherald.com,Australia
227,N,Sydney,http://albertafarmexpress.ca,Australia
228,Y,Sydney,http://www.aledotimesrecord.com,Australia
229,Y,Sydney,https://www.alicetx.com,Australia
230,Y,Sydney,http://www.alliancetimes.com,Australia
231,Y,Sydney,https://www.alliednews.com,Australia
232,Y,Sydney,http://allston.wickedlocal.com,Australia
233,Y,Sydney,https://www.amny.com,Australia
234,Y,Sydney,https://www.amarillo.com,Australia
235,Y,Sydney,https://www.americanmediainc.com,Australia
236,Y,Sydney,http://americanmilitarynews.com,Australia
237,Y,Sydney,https://www.americanpress.com,Australia
238,Y,Sydney,http://www.amestrib.com,Australia
239,Y,Sydney,https://www.adn.com,Australia
240,Y,Sydney,https://www.anchoragepress.com,Australia
241,Y,Sydney,https://www.andovertownsman.com,Australia
242,Y,Sydney,http://www.apg-wi.com,Australia
243,Y,Sydney,https://www.apgwest.com,Australia
244,Y,Sydney,https://www.appeal-democrat.com,Australia
245,Y,Sydney,https://www.northfulton.com,Australia
246,Y,Sydney,https://www.argus-press.com,Australia
247,Y,Sydney,https://tucson.com,Australia
248,Y,Sydney,https://azdailysun.com,Australia
249,Y,Amsterdam,https://5newsonline.com,Netherlands
250,Y,Amsterdam,https://www.99acres.com,Netherlands
251,N,Amsterdam,https://www.aberdeennews.com,Netherlands
252,N,Amsterdam,http://abington.wickedlocal.com,Netherlands
253,N,Amsterdam,https://www.dailyiowegian.com,Netherlands
254,N,Amsterdam,http://agcanada.com,Netherlands
255,N,Amsterdam,https://agdealer.com,Netherlands
256,Y,Amsterdam,http://www.agrinews-pubs.com,Netherlands
257,Y,Amsterdam,https://www.agupdate.com,Netherlands
258,Y,Amsterdam,http://www.ahwatukee.com,Netherlands
259,Y,Amsterdam,https://www.aikenstandard.com,Netherlands
260,N,Amsterdam,http://www.aimmediatexas.com,Netherlands
261,N,Amsterdam,http://www.airthinx.io,Netherlands
262,N,Amsterdam,https://democratherald.com,Netherlands
263,N,Amsterdam,http://albertafarmexpress.ca,Netherlands
264,Y,Amsterdam,http://www.aledotimesrecord.com,Netherlands
265,N,Amsterdam,https://www.alicetx.com,Netherlands
266,N,Amsterdam,http://www.alliancetimes.com,Netherlands
267,Y,Amsterdam,https://www.alliednews.com,Netherlands
268,Y,Amsterdam,http://allston.wickedlocal.com,Netherlands
269,Y,Amsterdam,https://www.amny.com,Netherlands
270,N,Amsterdam,https://www.amarillo.com,Netherlands
271,N,Amsterdam,https://www.americanmediainc.com,Netherlands
272,N,Amsterdam,http://americanmilitarynews.com,Netherlands
273,N,Amsterdam,https://www.americanpress.com,Netherlands
274,N,Amsterdam,http://www.amestrib.com,Netherlands
275,Y,Amsterdam,https://www.adn.com,Netherlands
276,N,Amsterdam,https://www.anchoragepress.com,Netherlands
277,N,Amsterdam,https://www.andovertownsman.com,Netherlands
278,N,Amsterdam,http://www.apg-wi.com,Netherlands
279,N,Amsterdam,https://www.apgwest.com,Netherlands
280,Y,Amsterdam,https://www.appeal-democrat.com,Netherlands
281,N,Amsterdam,https://www.northfulton.com,Netherlands
282,N,Amsterdam,https://www.argus-press.com,Netherlands
283,N,Amsterdam,https://tucson.com,Netherlands
284,N,Amsterdam,https://azdailysun.com,Netherlands
285,Y,Prague,https://5newsonline.com,Czech Republic
286,Y,Prague,https://www.99acres.com,Czech Republic
287,N,Prague,https://www.aberdeennews.com,Czech Republic
288,N,Prague,http://abington.wickedlocal.com,Czech Republic
289,N,Prague,https://www.dailyiowegian.com,Czech Republic
290,N,Prague,http://agcanada.com,Czech Republic
291,N,Prague,https://agdealer.com,Czech Republic
292,Y,Prague,http://www.agrinews-pubs.com,Czech Republic
293,Y,Prague,https://www.agupdate.com,Czech Republic
294,Y,Prague,http://www.ahwatukee.com,Czech Republic
295,Y,Prague,https://www.aikenstandard.com,Czech Republic
296,Y,Prague,http://www.aimmediatexas.com,Czech Republic
297,N,Prague,http://www.airthinx.io,Czech Republic
298,N,Prague,https://democratherald.com,Czech Republic
299,N,Prague,http://albertafarmexpress.ca,Czech Republic
300,Y,Prague,http://www.aledotimesrecord.com,Czech Republic
301,N,Prague,https://www.alicetx.com,Czech Republic
302,N,Prague,https://www.alliednews.com,Czech Republic
303,N,Prague,http://allston.wickedlocal.com,Czech Republic
304,N,Prague,https://www.amny.com,Czech Republic
305,N,Prague,https://www.amarillo.com,Czech Republic
306,N,Prague,https://www.americanmediainc.com,Czech Republic
307,N,Prague,http://americanmilitarynews.com,Czech Republic
308,N,Prague,https://www.americanpress.com,Czech Republic
309,N,Prague,http://www.amestrib.com,Czech Republic
310,Y,Prague,https://www.adn.com,Czech Republic
311,N,Prague,https://www.anchoragepress.com,Czech Republic
312,N,Prague,https://www.andovertownsman.com,Czech Republic
313,N,Prague,http://www.apg-wi.com,Czech Republic
314,N,Prague,https://www.apgwest.com,Czech Republic
315,Y,Prague,https://www.appeal-democrat.com,Czech Republic
316,Y,Prague,https://www.northfulton.com,Czech Republic
317,N,Prague,https://www.argus-press.com,Czech Republic
318,N,Prague,https://tucson.com,Czech Republic
319,N,Prague,https://azdailysun.com,Czech Republic
320,Y,Eindhoven,https://5newsonline.com,Netherlands
321,Y,Eindhoven,https://www.99acres.com,Netherlands
322,N,Eindhoven,https://www.aberdeennews.com,Netherlands
323,N,Eindhoven,http://abington.wickedlocal.com,Netherlands
324,N,Eindhoven,https://www.dailyiowegian.com,Netherlands
325,N,Eindhoven,http://agcanada.com,Netherlands
326,N,Eindhoven,https://agdealer.com,Netherlands
327,Y,Eindhoven,http://www.agrinews-pubs.com,Netherlands
328,Y,Eindhoven,https://www.agupdate.com,Netherlands
329,Y,Eindhoven,http://www.ahwatukee.com,Netherlands
330,Y,Eindhoven,https://www.aikenstandard.com,Netherlands
331,N,Eindhoven,http://www.aimmediatexas.com,Netherlands
332,N,Eindhoven,http://www.airthinx.io,Netherlands
333,N,Eindhoven,https://democratherald.com,Netherlands
334,N,Eindhoven,http://albertafarmexpress.ca,Netherlands
335,Y,Eindhoven,http://www.aledotimesrecord.com,Netherlands
336,N,Eindhoven,https://www.alicetx.com,Netherlands
337,N,Eindhoven,http://www.alliancetimes.com,Netherlands
338,Y,Eindhoven,https://www.alliednews.com,Netherlands
339,Y,Eindhoven,http://allston.wickedlocal.com,Netherlands
340,Y,Eindhoven,https://www.amny.com,Netherlands
341,N,Eindhoven,https://www.amarillo.com,Netherlands
342,N,Eindhoven,https://www.americanmediainc.com,Netherlands
343,N,Eindhoven,http://americanmilitarynews.com,Netherlands
344,N,Eindhoven,https://www.americanpress.com,Netherlands
345,N,Eindhoven,http://www.amestrib.com,Netherlands
346,Y,Eindhoven,https://www.adn.com,Netherlands
347,N,Eindhoven,https://www.anchoragepress.com,Netherlands
348,N,Eindhoven,https://www.andovertownsman.com,Netherlands
349,N,Eindhoven,http://www.apg-wi.com,Netherlands
350,N,Eindhoven,https://www.apgwest.com,Netherlands
351,Y,Eindhoven,https://www.appeal-democrat.com,Netherlands
352,N,Eindhoven,https://www.northfulton.com,Netherlands
353,N,Eindhoven,https://www.argus-press.com,Netherlands
354,N,Eindhoven,https://tucson.com,Netherlands
355,N,Eindhoven,https://azdailysun.com,Netherlands
356,Y,Groningen,https://5newsonline.com,Netherlands
357,Y,Groningen,https://www.99acres.com,Netherlands
358,N,Groningen,https://www.aberdeennews.com,Netherlands
359,N,Groningen,http://abington.wickedlocal.com,Netherlands
360,N,Groningen,https://www.dailyiowegian.com,Netherlands
361,N,Groningen,http://agcanada.com,Netherlands
362,N,Groningen,https://agdealer.com,Netherlands
363,Y,Groningen,http://www.agrinews-pubs.com,Netherlands
364,Y,Groningen,https://www.agupdate.com,Netherlands
365,Y,Groningen,http://www.ahwatukee.com,Netherlands
366,Y,Groningen,https://www.aikenstandard.com,Netherlands
367,N,Groningen,http://www.aimmediatexas.com,Netherlands
368,N,Groningen,http://www.airthinx.io,Netherlands
369,N,Groningen,https://democratherald.com,Netherlands
370,N,Groningen,http://albertafarmexpress.ca,Netherlands
371,Y,Groningen,http://www.aledotimesrecord.com,Netherlands
372,N,Groningen,https://www.alicetx.com,Netherlands
373,N,Groningen,http://www.alliancetimes.com,Netherlands
374,Y,Groningen,https://www.alliednews.com,Netherlands
375,Y,Groningen,http://allston.wickedlocal.com,Netherlands
376,Y,Groningen,https://www.amny.com,Netherlands
377,N,Groningen,https://www.amarillo.com,Netherlands
378,N,Groningen,https://www.americanmediainc.com,Netherlands
379,N,Groningen,http://americanmilitarynews.com,Netherlands
380,N,Groningen,https://www.americanpress.com,Netherlands
381,N,Groningen,http://www.amestrib.com,Netherlands
382,Y,Groningen,https://www.adn.com,Netherlands
383,N,Groningen,https://www.anchoragepress.com,Netherlands
384,N,Groningen,https://www.andovertownsman.com,Netherlands
385,N,Groningen,http://www.apg-wi.com,Netherlands
386,N,Groningen,https://www.apgwest.com,Netherlands
387,Y,Groningen,https://www.appeal-democrat.com,Netherlands
388,N,Groningen,https://www.northfulton.com,Netherlands
389,N,Groningen,https://www.argus-press.com,Netherlands
390,N,Groningen,https://tucson.com,Netherlands
391,N,Groningen,https://azdailysun.com,Netherlands
392,Y,Lelystad,https://5newsonline.com,Netherlands
393,Y,Lelystad,https://www.99acres.com,Netherlands
394,N,Lelystad,https://www.aberdeennews.com,Netherlands
395,N,Lelystad,http://abington.wickedlocal.com,Netherlands
396,N,Lelystad,https://www.dailyiowegian.com,Netherlands
397,N,Lelystad,http://agcanada.com,Netherlands
398,N,Lelystad,https://agdealer.com,Netherlands
399,Y,Lelystad,http://www.agrinews-pubs.com,Netherlands
400,Y,Lelystad,https://www.agupdate.com,Netherlands
401,Y,Lelystad,http://www.ahwatukee.com,Netherlands
402,Y,Lelystad,https://www.aikenstandard.com,Netherlands
403,N,Lelystad,http://www.aimmediatexas.com,Netherlands
404,N,Lelystad,http://www.airthinx.io,Netherlands
405,N,Lelystad,https://democratherald.com,Netherlands
406,N,Lelystad,http://albertafarmexpress.ca,Netherlands
407,Y,Lelystad,http://www.aledotimesrecord.com,Netherlands
408,N,Lelystad,https://www.alicetx.com,Netherlands
409,N,Lelystad,http://www.alliancetimes.com,Netherlands
410,Y,Lelystad,https://www.alliednews.com,Netherlands
411,Y,Lelystad,http://allston.wickedlocal.com,Netherlands
412,Y,Lelystad,https://www.amny.com,Netherlands
413,N,Lelystad,https://www.amarillo.com,Netherlands
414,N,Lelystad,https://www.americanmediainc.com,Netherlands
415,N,Lelystad,http://americanmilitarynews.com,Netherlands
416,N,Lelystad,https://www.americanpress.com,Netherlands
417,N,Lelystad,http://www.amestrib.com,Netherlands
418,Y,Lelystad,https://www.adn.com,Netherlands
419,N,Lelystad,https://www.anchoragepress.com,Netherlands
420,N,Lelystad,https://www.andovertownsman.com,Netherlands
421,N,Lelystad,http://www.apg-wi.com,Netherlands
422,N,Lelystad,https://www.apgwest.com,Netherlands
423,Y,Lelystad,https://www.appeal-democrat.com,Netherlands
424,N,Lelystad,https://www.northfulton.com,Netherlands
425,N,Lelystad,https://www.argus-press.com,Netherlands
426,N,Lelystad,https://tucson.com,Netherlands
427,N,Lelystad,https://azdailysun.com,Netherlands
428,Y,Hamburg,https://5newsonline.com,Germany
429,Y,Hamburg,https://www.99acres.com,Germany
430,N,Hamburg,https://www.aberdeennews.com,Germany
431,N,Hamburg,http://abington.wickedlocal.com,Germany
432,N,Hamburg,https://www.dailyiowegian.com,Germany
433,N,Hamburg,http://agcanada.com,Germany
434,N,Hamburg,https://agdealer.com,Germany
435,Y,Hamburg,http://www.agrinews-pubs.com,Germany
436,Y,Hamburg,https://www.agupdate.com,Germany
437,Y,Hamburg,http://www.ahwatukee.com,Germany
438,Y,Hamburg,https://www.aikenstandard.com,Germany
439,N,Hamburg,http://www.aimmediatexas.com,Germany
440,N,Hamburg,http://www.airthinx.io,Germany
441,N,Hamburg,https://democratherald.com,Germany
442,N,Hamburg,http://albertafarmexpress.ca,Germany
443,Y,Hamburg,http://www.aledotimesrecord.com,Germany
444,N,Hamburg,https://www.alicetx.com,Germany
445,N,Hamburg,http://www.alliancetimes.com,Germany
446,N,Hamburg,https://www.alliednews.com,Germany
447,N,Hamburg,http://allston.wickedlocal.com,Germany
448,N,Hamburg,https://www.amny.com,Germany
449,N,Hamburg,https://www.amarillo.com,Germany
450,N,Hamburg,https://www.americanmediainc.com,Germany
451,N,Hamburg,http://americanmilitarynews.com,Germany
452,N,Hamburg,https://www.americanpress.com,Germany
453,N,Hamburg,http://www.amestrib.com,Germany
454,Y,Hamburg,https://www.adn.com,Germany
455,N,Hamburg,https://www.anchoragepress.com,Germany
456,N,Hamburg,https://www.andovertownsman.com,Germany
457,N,Hamburg,http://www.apg-wi.com,Germany
458,N,Hamburg,https://www.apgwest.com,Germany
459,Y,Hamburg,https://www.appeal-democrat.com,Germany
460,N,Hamburg,https://www.northfulton.com,Germany
461,N,Hamburg,https://www.argus-press.com,Germany
462,N,Hamburg,https://tucson.com,Germany
463,N,Hamburg,https://azdailysun.com,Germany
464,Y,Brussels,https://5newsonline.com,Belgium
465,Y,Brussels,https://www.99acres.com,Belgium
466,N,Brussels,https://www.aberdeennews.com,Belgium
467,N,Brussels,http://abington.wickedlocal.com,Belgium
468,N,Brussels,https://www.dailyiowegian.com,Belgium
469,N,Brussels,http://agcanada.com,Belgium
470,N,Brussels,https://agdealer.com,Belgium
471,Y,Brussels,http://www.agrinews-pubs.com,Belgium
472,Y,Brussels,https://www.agupdate.com,Belgium
473,Y,Brussels,http://www.ahwatukee.com,Belgium
474,Y,Brussels,https://www.aikenstandard.com,Belgium
475,N,Brussels,http://www.aimmediatexas.com,Belgium
476,N,Brussels,http://www.airthinx.io,Belgium
477,N,Brussels,https://democratherald.com,Belgium
478,N,Brussels,http://albertafarmexpress.ca,Belgium
479,Y,Brussels,http://www.aledotimesrecord.com,Belgium
480,N,Brussels,https://www.alicetx.com,Belgium
481,Y,Brussels,http://www.alliancetimes.com,Belgium
482,Y,Brussels,https://www.alliednews.com,Belgium
483,Y,Brussels,http://allston.wickedlocal.com,Belgium
484,Y,Brussels,https://www.amny.com,Belgium
485,N,Brussels,https://www.amarillo.com,Belgium
486,N,Brussels,https://www.americanmediainc.com,Belgium
487,N,Brussels,http://americanmilitarynews.com,Belgium
488,N,Brussels,https://www.americanpress.com,Belgium
489,N,Brussels,http://www.amestrib.com,Belgium
490,Y,Brussels,https://www.adn.com,Belgium
491,N,Brussels,https://www.anchoragepress.com,Belgium
492,Y,Brussels,https://www.andovertownsman.com,Belgium
493,N,Brussels,http://www.apg-wi.com,Belgium
494,N,Brussels,https://www.apgwest.com,Belgium
495,Y,Brussels,https://www.appeal-democrat.com,Belgium
496,Y,Brussels,https://www.northfulton.com,Belgium
497,N,Brussels,https://www.argus-press.com,Belgium
498,N,Brussels,https://tucson.com,Belgium
499,N,Brussels,https://azdailysun.com,Belgium
500,Y,Berlin,https://5newsonline.com,Germany
501,Y,Berlin,https://www.99acres.com,Germany
502,N,Berlin,https://www.aberdeennews.com,Germany
503,N,Berlin,http://abington.wickedlocal.com,Germany
504,N,Berlin,https://www.dailyiowegian.com,Germany
505,N,Berlin,http://agcanada.com,Germany
506,N,Berlin,https://agdealer.com,Germany
507,Y,Berlin,http://www.agrinews-pubs.com,Germany
508,Y,Berlin,https://www.agupdate.com,Germany
509,Y,Berlin,http://www.ahwatukee.com,Germany
510,Y,Berlin,https://www.aikenstandard.com,Germany
511,N,Berlin,http://www.aimmediatexas.com,Germany
512,N,Berlin,http://www.airthinx.io,Germany
513,N,Berlin,https://democratherald.com,Germany
514,N,Berlin,http://albertafarmexpress.ca,Germany
515,Y,Berlin,http://www.aledotimesrecord.com,Germany
516,N,Berlin,https://www.alicetx.com,Germany
517,N,Berlin,http://www.alliancetimes.com,Germany
518,N,Berlin,https://www.alliednews.com,Germany
519,N,Berlin,http://allston.wickedlocal.com,Germany
520,N,Berlin,https://www.amny.com,Germany
521,N,Berlin,https://www.amarillo.com,Germany
522,N,Berlin,https://www.americanmediainc.com,Germany
523,N,Berlin,http://americanmilitarynews.com,Germany
524,N,Berlin,https://www.americanpress.com,Germany
525,N,Berlin,http://www.amestrib.com,Germany
526,Y,Berlin,https://www.adn.com,Germany
527,N,Berlin,https://www.anchoragepress.com,Germany
528,N,Berlin,https://www.andovertownsman.com,Germany
529,N,Berlin,http://www.apg-wi.com,Germany
530,N,Berlin,https://www.apgwest.com,Germany
531,Y,Berlin,https://www.appeal-democrat.com,Germany
532,N,Berlin,https://www.northfulton.com,Germany
533,N,Berlin,https://www.argus-press.com,Germany
534,N,Berlin,https://tucson.com,Germany
535,N,Berlin,https://azdailysun.com,Germany
536,Y,Lille,https://5newsonline.com,France
537,Y,Lille,https://www.99acres.com,France
538,N,Lille,https://www.aberdeennews.com,France
539,N,Lille,http://abington.wickedlocal.com,France
540,N,Lille,https://www.dailyiowegian.com,France
541,N,Lille,http://agcanada.com,France
542,N,Lille,https://agdealer.com,France
543,Y,Lille,http://www.agrinews-pubs.com,France
544,Y,Lille,https://www.agupdate.com,France
545,Y,Lille,http://www.ahwatukee.com,France
546,Y,Lille,https://www.aikenstandard.com,France
547,Y,Lille,http://www.aimmediatexas.com,France
548,N,Lille,http://www.airthinx.io,France
549,N,Lille,https://democratherald.com,France
550,N,Lille,http://albertafarmexpress.ca,France
551,Y,Lille,http://www.aledotimesrecord.com,France
552,N,Lille,https://www.alicetx.com,France
553,N,Lille,http://www.alliancetimes.com,France
554,N,Lille,https://www.alliednews.com,France
555,N,Lille,http://allston.wickedlocal.com,France
556,N,Lille,https://www.amny.com,France
557,N,Lille,https://www.amarillo.com,France
558,N,Lille,https://www.americanmediainc.com,France
559,N,Lille,http://americanmilitarynews.com,France
560,N,Lille,https://www.americanpress.com,France
561,N,Lille,http://www.amestrib.com,France
562,Y,Lille,https://www.adn.com,France
563,N,Lille,https://www.anchoragepress.com,France
564,N,Lille,https://www.andovertownsman.com,France
565,N,Lille,http://www.apg-wi.com,France
566,N,Lille,https://www.apgwest.com,France
567,Y,Lille,https://www.appeal-democrat.com,France
568,N,Lille,https://www.northfulton.com,France
569,N,Lille,https://www.argus-press.com,France
570,N,Lille,https://tucson.com,France
571,N,Lille,https://azdailysun.com,France
572,Y,Dublin,https://5newsonline.com,Ireland
573,Y,Dublin,https://www.99acres.com,Ireland
574,N,Dublin,https://www.aberdeennews.com,Ireland
575,N,Dublin,http://abington.wickedlocal.com,Ireland
576,N,Dublin,https://www.dailyiowegian.com,Ireland
577,N,Dublin,http://agcanada.com,Ireland
578,N,Dublin,https://agdealer.com,Ireland
579,Y,Dublin,http://www.agrinews-pubs.com,Ireland
580,Y,Dublin,https://www.agupdate.com,Ireland
581,Y,Dublin,http://www.ahwatukee.com,Ireland
582,Y,Dublin,https://www.aikenstandard.com,Ireland
583,N,Dublin,http://www.aimmediatexas.com,Ireland
584,N,Dublin,http://www.airthinx.io,Ireland
585,N,Dublin,https://democratherald.com,Ireland
586,N,Dublin,http://albertafarmexpress.ca,Ireland
587,Y,Dublin,http://www.aledotimesrecord.com,Ireland
588,N,Dublin,https://www.alicetx.com,Ireland
589,N,Dublin,http://www.alliancetimes.com,Ireland
590,N,Dublin,https://www.alliednews.com,Ireland
591,N,Dublin,http://allston.wickedlocal.com,Ireland
592,N,Dublin,https://www.amny.com,Ireland
593,N,Dublin,https://www.amarillo.com,Ireland
594,N,Dublin,https://www.americanmediainc.com,Ireland
595,N,Dublin,http://americanmilitarynews.com,Ireland
596,N,Dublin,https://www.americanpress.com,Ireland
597,N,Dublin,http://www.amestrib.com,Ireland
598,Y,Dublin,https://www.adn.com,Ireland
599,N,Dublin,https://www.anchoragepress.com,Ireland
600,Y,Dublin,https://www.andovertownsman.com,Ireland
601,N,Dublin,http://www.apg-wi.com,Ireland
602,N,Dublin,https://www.apgwest.com,Ireland
603,Y,Dublin,https://www.appeal-democrat.com,Ireland
604,N,Dublin,https://www.northfulton.com,Ireland
605,N,Dublin,https://www.argus-press.com,Ireland
606,N,Dublin,https://tucson.com,Ireland
607,N,Dublin,https://azdailysun.com,Ireland
608,Y,Edinburgh,https://5newsonline.com,Scotland
609,Y,Edinburgh,https://www.99acres.com,Scotland
610,N,Edinburgh,https://www.aberdeennews.com,Scotland
611,N,Edinburgh,http://abington.wickedlocal.com,Scotland
612,N,Edinburgh,https://www.dailyiowegian.com,Scotland
613,N,Edinburgh,http://agcanada.com,Scotland
614,N,Edinburgh,https://agdealer.com,Scotland
615,Y,Edinburgh,http://www.agrinews-pubs.com,Scotland
616,Y,Edinburgh,https://www.agupdate.com,Scotland
617,Y,Edinburgh,http://www.ahwatukee.com,Scotland
618,Y,Edinburgh,https://www.aikenstandard.com,Scotland
619,Y,Edinburgh,http://www.aimmediatexas.com,Scotland
620,N,Edinburgh,http://www.airthinx.io,Scotland
621,N,Edinburgh,https://democratherald.com,Scotland
622,N,Edinburgh,http://albertafarmexpress.ca,Scotland
623,Y,Edinburgh,http://www.aledotimesrecord.com,Scotland
624,N,Edinburgh,https://www.alicetx.com,Scotland
625,N,Edinburgh,http://www.alliancetimes.com,Scotland
626,N,Edinburgh,https://www.alliednews.com,Scotland
627,N,Edinburgh,http://allston.wickedlocal.com,Scotland
628,N,Edinburgh,https://www.amny.com,Scotland
629,N,Edinburgh,https://www.amarillo.com,Scotland
630,N,Edinburgh,https://www.americanmediainc.com,Scotland
631,N,Edinburgh,http://americanmilitarynews.com,Scotland
632,N,Edinburgh,https://www.americanpress.com,Scotland
633,N,Edinburgh,http://www.amestrib.com,Scotland
634,Y,Edinburgh,https://www.adn.com,Scotland
635,N,Edinburgh,https://www.anchoragepress.com,Scotland
636,N,Edinburgh,https://www.andovertownsman.com,Scotland
637,N,Edinburgh,http://www.apg-wi.com,Scotland
638,N,Edinburgh,https://www.apgwest.com,Scotland
639,Y,Edinburgh,https://www.appeal-democrat.com,Scotland
640,N,Edinburgh,https://www.northfulton.com,Scotland
641,N,Edinburgh,https://www.argus-press.com,Scotland
642,N,Edinburgh,https://tucson.com,Scotland
643,N,Edinburgh,https://azdailysun.com,Scotland
644,Y,Salzburg,https://5newsonline.com,Austria
645,Y,Salzburg,https://www.99acres.com,Austria
646,N,Salzburg,https://www.aberdeennews.com,Austria
647,N,Salzburg,http://abington.wickedlocal.com,Austria
648,N,Salzburg,https://www.dailyiowegian.com,Austria
649,N,Salzburg,http://agcanada.com,Austria
650,N,Salzburg,https://agdealer.com,Austria
651,Y,Salzburg,http://www.agrinews-pubs.com,Austria
652,Y,Salzburg,https://www.agupdate.com,Austria
653,Y,Salzburg,http://www.ahwatukee.com,Austria
654,Y,Salzburg,https://www.aikenstandard.com,Austria
655,N,Salzburg,http://www.aimmediatexas.com,Austria
656,N,Salzburg,http://www.airthinx.io,Austria
657,N,Salzburg,https://democratherald.com,Austria
658,N,Salzburg,http://albertafarmexpress.ca,Austria
659,Y,Salzburg,http://www.aledotimesrecord.com,Austria
660,N,Salzburg,https://www.alicetx.com,Austria
661,N,Salzburg,http://www.alliancetimes.com,Austria
662,Y,Salzburg,https://www.alliednews.com,Austria
663,Y,Salzburg,http://allston.wickedlocal.com,Austria
664,Y,Salzburg,https://www.amny.com,Austria
665,N,Salzburg,https://www.amarillo.com,Austria
666,N,Salzburg,https://www.americanmediainc.com,Austria
667,N,Salzburg,http://americanmilitarynews.com,Austria
668,N,Salzburg,https://www.americanpress.com,Austria
669,N,Salzburg,http://www.amestrib.com,Austria
670,Y,Salzburg,https://www.adn.com,Austria
671,N,Salzburg,https://www.anchoragepress.com,Austria
672,N,Salzburg,https://www.andovertownsman.com,Austria
673,N,Salzburg,http://www.apg-wi.com,Austria
674,N,Salzburg,https://www.apgwest.com,Austria
675,Y,Salzburg,https://www.appeal-democrat.com,Austria
676,N,Salzburg,https://www.northfulton.com,Austria
677,N,Salzburg,https://www.argus-press.com,Austria
678,N,Salzburg,https://tucson.com,Austria
679,N,Salzburg,https://azdailysun.com,Austria
680,Y,Tokyo,https://5newsonline.com,Japan
681,Y,Tokyo,https://www.99acres.com,Japan
682,Y,Tokyo,https://www.aberdeennews.com,Japan
683,Y,Tokyo,http://abington.wickedlocal.com,Japan
684,Y,Tokyo,https://www.dailyiowegian.com,Japan
685,Y,Tokyo,http://agcanada.com,Japan
686,Y,Tokyo,https://agdealer.com,Japan
687,Y,Tokyo,http://www.agrinews-pubs.com,Japan
688,Y,Tokyo,https://www.agupdate.com,Japan
689,Y,Tokyo,http://www.ahwatukee.com,Japan
690,Y,Tokyo,https://www.aikenstandard.com,Japan
691,Y,Tokyo,http://www.aimmediatexas.com,Japan
692,N,Tokyo,http://www.airthinx.io,Japan
693,N,Tokyo,https://democratherald.com,Japan
694,N,Tokyo,http://albertafarmexpress.ca,Japan
695,Y,Tokyo,http://www.aledotimesrecord.com,Japan
696,Y,Tokyo,https://www.alicetx.com,Japan
697,Y,Tokyo,http://www.alliancetimes.com,Japan
698,Y,Tokyo,https://www.alliednews.com,Japan
699,Y,Tokyo,http://allston.wickedlocal.com,Japan
700,Y,Tokyo,https://www.amny.com,Japan
701,Y,Tokyo,https://www.amarillo.com,Japan
702,Y,Tokyo,https://www.americanmediainc.com,Japan
703,Y,Tokyo,http://americanmilitarynews.com,Japan
704,Y,Tokyo,https://www.americanpress.com,Japan
705,Y,Tokyo,http://www.amestrib.com,Japan
706,Y,Tokyo,https://www.adn.com,Japan
707,Y,Tokyo,https://www.anchoragepress.com,Japan
708,Y,Tokyo,https://www.andovertownsman.com,Japan
709,Y,Tokyo,http://www.apg-wi.com,Japan
710,Y,Tokyo,https://www.apgwest.com,Japan
711,Y,Tokyo,https://www.appeal-democrat.com,Japan
712,Y,Tokyo,https://www.northfulton.com,Japan
713,Y,Tokyo,https://www.argus-press.com,Japan
714,Y,Tokyo,https://tucson.com,Japan
715,Y,Tokyo,https://azdailysun.com,Japan
716,Y,Los Angeles,https://5newsonline.com,United States
717,Y,Los Angeles,https://www.99acres.com,United States
718,Y,Los Angeles,https://www.aberdeennews.com,United States
719,Y,Los Angeles,http://abington.wickedlocal.com,United States
720,Y,Los Angeles,https://www.dailyiowegian.com,United States
721,Y,Los Angeles,http://agcanada.com,United States
722,Y,Los Angeles,https://agdealer.com,United States
723,Y,Los Angeles,http://www.agrinews-pubs.com,United States
724,Y,Los Angeles,https://www.agupdate.com,United States
725,Y,Los Angeles,http://www.ahwatukee.com,United States
726,Y,Los Angeles,https://www.aikenstandard.com,United States
727,Y,Los Angeles,http://www.aimmediatexas.com,United States
728,N,Los Angeles,http://www.airthinx.io,United States
729,N,Los Angeles,https://democratherald.com,United States
730,N,Los Angeles,http://albertafarmexpress.ca,United States
731,Y,Los Angeles,http://www.aledotimesrecord.com,United States
732,Y,Los Angeles,https://www.alicetx.com,United States
733,Y,Los Angeles,http://www.alliancetimes.com,United States
734,Y,Los Angeles,https://www.alliednews.com,United States
735,Y,Los Angeles,http://allston.wickedlocal.com,United States
736,Y,Los Angeles,https://www.amny.com,United States
737,Y,Los Angeles,https://www.amarillo.com,United States
738,Y,Los Angeles,https://www.americanmediainc.com,United States
739,Y,Los Angeles,http://americanmilitarynews.com,United States
740,Y,Los Angeles,https://www.americanpress.com,United States
741,Y,Los Angeles,http://www.amestrib.com,United States
742,Y,Los Angeles,https://www.adn.com,United States
743,Y,Los Angeles,https://www.anchoragepress.com,United States
744,Y,Los Angeles,https://www.andovertownsman.com,United States
745,Y,Los Angeles,http://www.apg-wi.com,United States
746,Y,Los Angeles,https://www.apgwest.com,United States
747,Y,Los Angeles,https://www.appeal-democrat.com,United States
748,Y,Los Angeles,https://www.northfulton.com,United States
749,Y,Los Angeles,https://www.argus-press.com,United States
750,Y,Los Angeles,https://tucson.com,United States
751,Y,Los Angeles,https://azdailysun.com,United States
752,Y,Göteborg,https://5newsonline.com,
753,Y,Göteborg,https://www.99acres.com,
754,N,Göteborg,https://www.aberdeennews.com,
755,N,Göteborg,http://abington.wickedlocal.com,
756,Y,Göteborg,https://www.dailyiowegian.com,
757,N,Göteborg,http://agcanada.com,
758,N,Göteborg,https://agdealer.com,
759,Y,Göteborg,http://www.agrinews-pubs.com,
760,Y,Göteborg,https://www.agupdate.com,
761,Y,Göteborg,http://www.ahwatukee.com,
762,Y,Göteborg,https://www.aikenstandard.com,
763,N,Göteborg,http://www.aimmediatexas.com,
764,N,Göteborg,http://www.airthinx.io,
765,N,Göteborg,https://democratherald.com,
766,N,Göteborg,http://albertafarmexpress.ca,
767,Y,Göteborg,http://www.aledotimesrecord.com,
768,N,Göteborg,https://www.alicetx.com,
769,N,Göteborg,http://www.alliancetimes.com,
770,Y,Göteborg,https://www.alliednews.com,
771,Y,Göteborg,http://allston.wickedlocal.com,
772,Y,Göteborg,https://www.amny.com,
773,N,Göteborg,https://www.amarillo.com,
774,N,Göteborg,https://www.americanmediainc.com,
775,N,Göteborg,http://americanmilitarynews.com,
776,N,Göteborg,https://www.americanpress.com,
777,N,Göteborg,http://www.amestrib.com,
778,Y,Göteborg,https://www.adn.com,
779,Y,Göteborg,https://www.anchoragepress.com,
780,N,Göteborg,https://www.andovertownsman.com,
781,N,Göteborg,http://www.apg-wi.com,
782,N,Göteborg,https://www.apgwest.com,
783,Y,Göteborg,https://www.appeal-democrat.com,
784,Y,Göteborg,https://www.northfulton.com,
785,N,Göteborg,https://www.argus-press.com,
786,N,Göteborg,https://tucson.com,
787,N,Göteborg,https://azdailysun.com,
788,Y,Palermo,https://5newsonline.com,Italy
789,Y,Palermo,https://www.99acres.com,Italy
790,N,Palermo,https://www.aberdeennews.com,Italy
791,N,Palermo,http://abington.wickedlocal.com,Italy
792,N,Palermo,https://www.dailyiowegian.com,Italy
793,N,Palermo,http://agcanada.com,Italy
794,N,Palermo,https://agdealer.com,Italy
795,N,Palermo,http://www.agrinews-pubs.com,Italy
796,N,Palermo,https://www.agupdate.com,Italy
797,N,Palermo,http://www.ahwatukee.com,Italy
798,Y,Palermo,https://www.aikenstandard.com,Italy
799,N,Palermo,http://www.aimmediatexas.com,Italy
800,N,Palermo,http://www.airthinx.io,Italy
801,N,Palermo,https://democratherald.com,Italy
802,N,Palermo,http://albertafarmexpress.ca,Italy
803,Y,Palermo,http://www.aledotimesrecord.com,Italy
804,N,Palermo,https://www.alicetx.com,Italy
805,Y,Palermo,http://www.alliancetimes.com,Italy
806,N,Palermo,https://www.alliednews.com,Italy
807,N,Palermo,http://allston.wickedlocal.com,Italy
808,N,Palermo,https://www.amny.com,Italy
809,N,Palermo,https://www.amarillo.com,Italy
810,N,Palermo,https://www.americanmediainc.com,Italy
811,N,Palermo,http://americanmilitarynews.com,Italy
812,N,Palermo,https://www.americanpress.com,Italy
813,N,Palermo,http://www.amestrib.com,Italy
814,Y,Palermo,https://www.adn.com,Italy
815,N,Palermo,https://www.anchoragepress.com,Italy
816,N,Palermo,https://www.andovertownsman.com,Italy
817,N,Palermo,http://www.apg-wi.com,Italy
818,N,Palermo,https://www.apgwest.com,Italy
819,Y,Palermo,https://www.appeal-democrat.com,Italy
820,N,Palermo,https://www.northfulton.com,Italy
821,N,Palermo,https://www.argus-press.com,Italy
822,N,Palermo,https://tucson.com,Italy
823,N,Palermo,https://azdailysun.com,Italy
824,Y,New York,https://5newsonline.com,United States
825,Y,New York,https://www.99acres.com,United States
826,Y,New York,https://www.aberdeennews.com,United States
827,Y,New York,http://abington.wickedlocal.com,United States
828,Y,New York,https://www.dailyiowegian.com,United States
829,Y,New York,http://agcanada.com,United States
830,Y,New York,https://agdealer.com,United States
831,Y,New York,http://www.agrinews-pubs.com,United States
832,Y,New York,https://www.agupdate.com,United States
833,Y,New York,http://www.ahwatukee.com,United States
834,Y,New York,https://www.aikenstandard.com,United States
835,Y,New York,http://www.aimmediatexas.com,United States
836,N,New York,http://www.airthinx.io,United States
837,N,New York,https://democratherald.com,United States
838,N,New York,http://albertafarmexpress.ca,United States
839,Y,New York,http://www.aledotimesrecord.com,United States
840,Y,New York,https://www.alicetx.com,United States
841,Y,New York,http://www.alliancetimes.com,United States
842,Y,New York,https://www.alliednews.com,United States
843,Y,New York,http://allston.wickedlocal.com,United States
844,Y,New York,https://www.amny.com,United States
845,Y,New York,https://www.amarillo.com,United States
846,Y,New York,https://www.americanmediainc.com,United States
847,Y,New York,http://americanmilitarynews.com,United States
848,Y,New York,https://www.americanpress.com,United States
849,Y,New York,http://www.amestrib.com,United States
850,Y,New York,https://www.adn.com,United States
851,Y,New York,https://www.anchoragepress.com,United States
852,Y,New York,https://www.andovertownsman.com,United States
853,Y,New York,http://www.apg-wi.com,United States
854,Y,New York,https://www.apgwest.com,United States
855,Y,New York,https://www.appeal-democrat.com,United States
856,Y,New York,https://www.northfulton.com,United States
857,Y,New York,https://www.argus-press.com,United States
858,Y,New York,https://tucson.com,United States
859,Y,New York,https://azdailysun.com,United States
860,Y,San Diego,https://5newsonline.com,United States
861,Y,San Diego,https://www.99acres.com,United States
862,Y,San Diego,https://www.aberdeennews.com,United States
863,Y,San Diego,http://abington.wickedlocal.com,United States
864,Y,San Diego,https://www.dailyiowegian.com,United States
865,Y,San Diego,http://agcanada.com,United States
866,Y,San Diego,https://agdealer.com,United States
867,Y,San Diego,http://www.agrinews-pubs.com,United States
868,Y,San Diego,https://www.agupdate.com,United States
869,Y,San Diego,http://www.ahwatukee.com,United States
870,Y,San Diego,https://www.aikenstandard.com,United States
871,Y,San Diego,http://www.aimmediatexas.com,United States
872,N,San Diego,http://www.airthinx.io,United States
873,N,San Diego,https://democratherald.com,United States
874,N,San Diego,http://albertafarmexpress.ca,United States
875,Y,San Diego,http://www.aledotimesrecord.com,United States
876,Y,San Diego,https://www.alicetx.com,United States
877,Y,San Diego,http://www.alliancetimes.com,United States
878,Y,San Diego,https://www.alliednews.com,United States
879,Y,San Diego,http://allston.wickedlocal.com,United States
880,Y,San Diego,https://www.amny.com,United States
881,Y,San Diego,https://www.amarillo.com,United States
882,Y,San Diego,https://www.americanmediainc.com,United States
883,Y,San Diego,http://americanmilitarynews.com,United States
884,Y,San Diego,https://www.americanpress.com,United States
885,Y,San Diego,http://www.amestrib.com,United States
886,Y,San Diego,https://www.adn.com,United States
887,Y,San Diego,https://www.anchoragepress.com,United States
888,Y,San Diego,https://www.andovertownsman.com,United States
889,Y,San Diego,http://www.apg-wi.com,United States
890,Y,San Diego,https://www.apgwest.com,United States
891,Y,San Diego,https://www.appeal-democrat.com,United States
892,Y,San Diego,https://www.northfulton.com,United States
893,Y,San Diego,https://www.argus-press.com,United States
894,Y,San Diego,https://tucson.com,United States
895,Y,San Diego,https://azdailysun.com,United States
896,Y,Seattle,https://5newsonline.com,United States
897,Y,Seattle,https://www.99acres.com,United States
898,Y,Seattle,https://www.aberdeennews.com,United States
899,Y,Seattle,http://abington.wickedlocal.com,United States
900,Y,Seattle,https://www.dailyiowegian.com,United States
901,Y,Seattle,http://agcanada.com,United States
902,Y,Seattle,https://agdealer.com,United States
903,Y,Seattle,http://www.agrinews-pubs.com,United States
904,Y,Seattle,https://www.agupdate.com,United States
905,Y,Seattle,http://www.ahwatukee.com,United States
906,Y,Seattle,https://www.aikenstandard.com,United States
907,Y,Seattle,http://www.aimmediatexas.com,United States
908,N,Seattle,http://www.airthinx.io,United States
909,N,Seattle,https://democratherald.com,United States
910,N,Seattle,http://albertafarmexpress.ca,United States
911,Y,Seattle,http://www.aledotimesrecord.com,United States
912,Y,Seattle,https://www.alicetx.com,United States
913,Y,Seattle,http://www.alliancetimes.com,United States
914,Y,Seattle,https://www.alliednews.com,United States
915,Y,Seattle,http://allston.wickedlocal.com,United States
916,Y,Seattle,https://www.amny.com,United States
917,Y,Seattle,https://www.amarillo.com,United States
918,Y,Seattle,https://www.americanmediainc.com,United States
919,Y,Seattle,http://americanmilitarynews.com,United States
920,Y,Seattle,https://www.americanpress.com,United States
921,Y,Seattle,http://www.amestrib.com,United States
922,Y,Seattle,https://www.adn.com,United States
923,Y,Seattle,https://www.anchoragepress.com,United States
924,Y,Seattle,https://www.andovertownsman.com,United States
925,Y,Seattle,http://www.apg-wi.com,United States
926,Y,Seattle,https://www.apgwest.com,United States
927,Y,Seattle,https://www.appeal-democrat.com,United States
928,Y,Seattle,https://www.northfulton.com,United States
929,Y,Seattle,https://www.argus-press.com,United States
930,Y,Seattle,https://tucson.com,United States
931,Y,Seattle,https://azdailysun.com,United States
932,Y,Guadalajara,https://5newsonline.com,Mexico
933,Y,Guadalajara,https://www.99acres.com,Mexico
934,Y,Guadalajara,https://www.aberdeennews.com,Mexico
935,Y,Guadalajara,http://abington.wickedlocal.com,Mexico
936,Y,Guadalajara,https://www.dailyiowegian.com,Mexico
937,Y,Guadalajara,http://agcanada.com,Mexico
938,Y,Guadalajara,https://agdealer.com,Mexico
939,Y,Guadalajara,http://www.agrinews-pubs.com,Mexico
940,Y,Guadalajara,https://www.agupdate.com,Mexico
941,Y,Guadalajara,http://www.ahwatukee.com,Mexico
942,Y,Guadalajara,https://www.aikenstandard.com,Mexico
943,Y,Guadalajara,http://www.aimmediatexas.com,Mexico
944,N,Guadalajara,http://www.airthinx.io,Mexico
945,N,Guadalajara,https://democratherald.com,Mexico
946,N,Guadalajara,http://albertafarmexpress.ca,Mexico
947,Y,Guadalajara,http://www.aledotimesrecord.com,Mexico
948,Y,Guadalajara,https://www.alliednews.com,Mexico
949,Y,Guadalajara,http://allston.wickedlocal.com,Mexico
950,Y,Guadalajara,https://www.amny.com,Mexico
951,Y,Guadalajara,https://www.amarillo.com,Mexico
952,Y,Guadalajara,https://www.americanmediainc.com,Mexico
953,Y,Guadalajara,http://americanmilitarynews.com,Mexico
954,Y,Guadalajara,https://www.americanpress.com,Mexico
955,Y,Guadalajara,http://www.amestrib.com,Mexico
956,Y,Guadalajara,https://www.adn.com,Mexico
957,Y,Guadalajara,https://www.anchoragepress.com,Mexico
958,Y,Guadalajara,https://www.andovertownsman.com,Mexico
959,Y,Guadalajara,http://www.apg-wi.com,Mexico
960,Y,Guadalajara,https://www.apgwest.com,Mexico
961,Y,Guadalajara,https://www.appeal-democrat.com,Mexico
962,Y,Guadalajara,https://www.northfulton.com,Mexico
963,Y,Guadalajara,https://www.argus-press.com,Mexico
964,Y,Guadalajara,https://tucson.com,Mexico
965,Y,Guadalajara,https://azdailysun.com,Mexico
966,Y,Tampa,https://5newsonline.com,United States
967,Y,Tampa,https://www.99acres.com,United States
968,Y,Tampa,https://www.aberdeennews.com,United States
969,Y,Tampa,http://abington.wickedlocal.com,United States
970,Y,Tampa,https://www.dailyiowegian.com,United States
971,Y,Tampa,http://agcanada.com,United States
972,Y,Tampa,https://agdealer.com,United States
973,Y,Tampa,http://www.agrinews-pubs.com,United States
974,Y,Tampa,https://www.agupdate.com,United States
975,Y,Tampa,http://www.ahwatukee.com,United States
976,Y,Tampa,https://www.aikenstandard.com,United States
977,Y,Tampa,http://www.aimmediatexas.com,United States
978,N,Tampa,http://www.airthinx.io,United States
979,N,Tampa,https://democratherald.com,United States
980,N,Tampa,http://albertafarmexpress.ca,United States
981,Y,Tampa,http://www.aledotimesrecord.com,United States
982,Y,Tampa,https://www.alicetx.com,United States
983,Y,Tampa,http://www.alliancetimes.com,United States
984,N,Tampa,https://www.alliednews.com,United States
985,N,Tampa,http://allston.wickedlocal.com,United States
986,N,Tampa,https://www.amny.com,United States
987,Y,Tampa,https://www.amarillo.com,United States
988,Y,Tampa,https://www.americanmediainc.com,United States
989,Y,Tampa,http://americanmilitarynews.com,United States
990,Y,Tampa,https://www.americanpress.com,United States
991,Y,Tampa,http://www.amestrib.com,United States
992,Y,Tampa,https://www.adn.com,United States
993,Y,Tampa,https://www.anchoragepress.com,United States
994,Y,Tampa,https://www.andovertownsman.com,United States
995,Y,Tampa,http://www.apg-wi.com,United States
996,Y,Tampa,https://www.apgwest.com,United States
997,Y,Tampa,https://www.appeal-democrat.com,United States
998,Y,Tampa,https://www.northfulton.com,United States
999,Y,Tampa,https://www.argus-press.com,United States
1000,Y,Tampa,https://tucson.com,United States
1001,Y,Tampa,https://azdailysun.com,United States
1002,Y,Singapore,https://5newsonline.com,Singapore
1003,Y,Singapore,https://www.99acres.com,Singapore
1004,Y,Singapore,https://www.aberdeennews.com,Singapore
1005,Y,Singapore,http://abington.wickedlocal.com,Singapore
1006,Y,Singapore,https://www.dailyiowegian.com,Singapore
1007,Y,Singapore,http://agcanada.com,Singapore
1008,Y,Singapore,https://agdealer.com,Singapore
1009,Y,Singapore,http://www.agrinews-pubs.com,Singapore
1010,Y,Singapore,https://www.agupdate.com,Singapore
1011,Y,Singapore,http://www.ahwatukee.com,Singapore
1012,Y,Singapore,https://www.aikenstandard.com,Singapore
1013,Y,Singapore,http://www.aimmediatexas.com,Singapore
1014,N,Singapore,http://www.airthinx.io,Singapore
1015,N,Singapore,https://democratherald.com,Singapore
1016,N,Singapore,http://albertafarmexpress.ca,Singapore
1017,Y,Singapore,http://www.aledotimesrecord.com,Singapore
1018,Y,Singapore,https://www.alicetx.com,Singapore
1019,Y,Singapore,http://www.alliancetimes.com,Singapore
1020,Y,Singapore,https://www.alliednews.com,Singapore
1021,Y,Singapore,http://allston.wickedlocal.com,Singapore
1022,Y,Singapore,https://www.amny.com,Singapore
1023,Y,Singapore,https://www.amarillo.com,Singapore
1024,Y,Singapore,https://www.americanmediainc.com,Singapore
1025,Y,Singapore,http://americanmilitarynews.com,Singapore
1026,Y,Singapore,https://www.americanpress.com,Singapore
1027,Y,Singapore,http://www.amestrib.com,Singapore
1028,Y,Singapore,https://www.adn.com,Singapore
1029,Y,Singapore,https://www.anchoragepress.com,Singapore
1030,Y,Singapore,https://www.andovertownsman.com,Singapore
1031,Y,Singapore,http://www.apg-wi.com,Singapore
1032,Y,Singapore,https://www.apgwest.com,Singapore
1033,Y,Singapore,https://www.appeal-democrat.com,Singapore
1034,Y,Singapore,https://www.northfulton.com,Singapore
1035,Y,Singapore,https://www.argus-press.com,Singapore
1036,Y,Singapore,https://tucson.com,Singapore
1037,Y,Singapore,https://azdailysun.com,Singapore
1038,Y,Oslo,https://5newsonline.com,Norway
1039,Y,Oslo,https://www.99acres.com,Norway
1040,N,Oslo,https://www.aberdeennews.com,Norway
1041,N,Oslo,http://abington.wickedlocal.com,Norway
1042,Y,Oslo,https://www.dailyiowegian.com,Norway
1043,Y,Oslo,http://agcanada.com,Norway
1044,Y,Oslo,https://agdealer.com,Norway
1045,Y,Oslo,http://www.agrinews-pubs.com,Norway
1046,Y,Oslo,https://www.agupdate.com,Norway
1047,Y,Oslo,http://www.ahwatukee.com,Norway
1048,Y,Oslo,https://www.aikenstandard.com,Norway
1049,Y,Oslo,http://www.aimmediatexas.com,Norway
1050,N,Oslo,http://www.airthinx.io,Norway
1051,N,Oslo,https://democratherald.com,Norway
1052,N,Oslo,http://albertafarmexpress.ca,Norway
1053,Y,Oslo,http://www.aledotimesrecord.com,Norway
1054,N,Oslo,https://www.alicetx.com,Norway
1055,N,Oslo,http://www.alliancetimes.com,Norway
1056,N,Oslo,https://www.alliednews.com,Norway
1057,N,Oslo,http://allston.wickedlocal.com,Norway
1058,N,Oslo,https://www.amny.com,Norway
1059,N,Oslo,https://www.amarillo.com,Norway
1060,N,Oslo,https://www.americanmediainc.com,Norway
1061,N,Oslo,http://americanmilitarynews.com,Norway
1062,N,Oslo,https://www.americanpress.com,Norway
1063,N,Oslo,http://www.amestrib.com,Norway
1064,Y,Oslo,https://www.adn.com,Norway
1065,N,Oslo,https://www.anchoragepress.com,Norway
1066,N,Oslo,https://www.andovertownsman.com,Norway
1067,N,Oslo,http://www.apg-wi.com,Norway
1068,N,Oslo,https://www.apgwest.com,Norway
1069,Y,Oslo,https://www.appeal-democrat.com,Norway
1070,Y,Oslo,https://www.northfulton.com,Norway
1071,N,Oslo,https://www.argus-press.com,Norway
1072,N,Oslo,https://tucson.com,Norway
1073,N,Oslo,https://azdailysun.com,Norway
1074,Y,Rome,https://5newsonline.com,Italy
1075,Y,Rome,https://www.99acres.com,Italy
1076,N,Rome,https://www.aberdeennews.com,Italy
1077,N,Rome,http://abington.wickedlocal.com,Italy
1078,N,Rome,https://www.dailyiowegian.com,Italy
1079,N,Rome,http://agcanada.com,Italy
1080,N,Rome,https://agdealer.com,Italy
1081,Y,Rome,http://www.agrinews-pubs.com,Italy
1082,Y,Rome,https://www.agupdate.com,Italy
1083,Y,Rome,http://www.ahwatukee.com,Italy
1084,Y,Rome,https://www.aikenstandard.com,Italy
1085,N,Rome,http://www.aimmediatexas.com,Italy
1086,N,Rome,http://www.airthinx.io,Italy
1087,N,Rome,https://democratherald.com,Italy
1088,N,Rome,http://albertafarmexpress.ca,Italy
1089,Y,Rome,http://www.aledotimesrecord.com,Italy
1090,N,Rome,https://www.alicetx.com,Italy
1091,N,Rome,http://www.alliancetimes.com,Italy
1092,N,Rome,https://www.alliednews.com,Italy
1093,N,Rome,http://allston.wickedlocal.com,Italy
1094,N,Rome,https://www.amny.com,Italy
1095,N,Rome,https://www.amarillo.com,Italy
1096,N,Rome,https://www.americanmediainc.com,Italy
1097,N,Rome,http://americanmilitarynews.com,Italy
1098,N,Rome,https://www.americanpress.com,Italy
1099,N,Rome,http://www.amestrib.com,Italy
1100,Y,Rome,https://www.adn.com,Italy
1101,N,Rome,https://www.anchoragepress.com,Italy
1102,N,Rome,https://www.andovertownsman.com,Italy
1103,N,Rome,http://www.apg-wi.com,Italy
1104,N,Rome,https://www.apgwest.com,Italy
1105,Y,Rome,https://www.appeal-democrat.com,Italy
1106,N,Rome,https://www.northfulton.com,Italy
1107,N,Rome,https://www.argus-press.com,Italy
1108,N,Rome,https://tucson.com,Italy
1109,N,Rome,https://azdailysun.com,Italy
1110,Y,Leipzig,https://5newsonline.com,Germany
1111,Y,Leipzig,https://www.99acres.com,Germany
1112,N,Leipzig,https://www.aberdeennews.com,Germany
1113,N,Leipzig,http://abington.wickedlocal.com,Germany
1114,N,Leipzig,https://www.dailyiowegian.com,Germany
1115,N,Leipzig,http://agcanada.com,Germany
1116,N,Leipzig,https://agdealer.com,Germany
1117,Y,Leipzig,http://www.agrinews-pubs.com,Germany
1118,Y,Leipzig,https://www.agupdate.com,Germany
1119,Y,Leipzig,http://www.ahwatukee.com,Germany
1120,Y,Leipzig,https://www.aikenstandard.com,Germany
1121,N,Leipzig,http://www.aimmediatexas.com,Germany
1122,N,Leipzig,http://www.airthinx.io,Germany
1123,N,Leipzig,https://democratherald.com,Germany
1124,N,Leipzig,http://albertafarmexpress.ca,Germany
1125,Y,Leipzig,http://www.aledotimesrecord.com,Germany
1126,N,Leipzig,https://www.alicetx.com,Germany
1127,N,Leipzig,http://www.alliancetimes.com,Germany
1128,N,Leipzig,https://www.alliednews.com,Germany
1129,N,Leipzig,http://allston.wickedlocal.com,Germany
1130,N,Leipzig,https://www.amny.com,Germany
1131,N,Leipzig,https://www.amarillo.com,Germany
1132,N,Leipzig,https://www.americanmediainc.com,Germany
1133,N,Leipzig,http://americanmilitarynews.com,Germany
1134,N,Leipzig,https://www.americanpress.com,Germany
1135,N,Leipzig,http://www.amestrib.com,Germany
1136,Y,Leipzig,https://www.adn.com,Germany
1137,N,Leipzig,https://www.anchoragepress.com,Germany
1138,N,Leipzig,https://www.andovertownsman.com,Germany
1139,N,Leipzig,http://www.apg-wi.com,Germany
1140,N,Leipzig,https://www.apgwest.com,Germany
1141,Y,Leipzig,https://www.appeal-democrat.com,Germany
1142,N,Leipzig,https://www.northfulton.com,Germany
1143,N,Leipzig,https://www.argus-press.com,Germany
1144,N,Leipzig,https://tucson.com,Germany
1145,N,Leipzig,https://azdailysun.com,Germany
1146,Y,Auckland,https://5newsonline.com,New Zealand
1147,Y,Auckland,https://www.99acres.com,New Zealand
1148,Y,Auckland,https://www.aberdeennews.com,New Zealand
1149,Y,Auckland,http://abington.wickedlocal.com,New Zealand
1150,Y,Auckland,https://www.dailyiowegian.com,New Zealand
1151,Y,Auckland,http://agcanada.com,New Zealand
1152,Y,Auckland,https://agdealer.com,New Zealand
1153,Y,Auckland,http://www.agrinews-pubs.com,New Zealand
1154,Y,Auckland,https://www.agupdate.com,New Zealand
1155,Y,Auckland,http://www.ahwatukee.com,New Zealand
1156,Y,Auckland,https://www.aikenstandard.com,New Zealand
1157,Y,Auckland,http://www.aimmediatexas.com,New Zealand
1158,N,Auckland,http://www.airthinx.io,New Zealand
1159,N,Auckland,https://democratherald.com,New Zealand
1160,N,Auckland,http://albertafarmexpress.ca,New Zealand
1161,Y,Auckland,http://www.aledotimesrecord.com,New Zealand
1162,Y,Auckland,https://www.alicetx.com,New Zealand
1163,Y,Auckland,http://www.alliancetimes.com,New Zealand
1164,Y,Auckland,https://www.alliednews.com,New Zealand
1165,Y,Auckland,http://allston.wickedlocal.com,New Zealand
1166,Y,Auckland,https://www.amny.com,New Zealand
1167,Y,Auckland,https://www.amarillo.com,New Zealand
1168,Y,Auckland,https://www.americanmediainc.com,New Zealand
1169,Y,Auckland,http://americanmilitarynews.com,New Zealand
1170,Y,Auckland,https://www.americanpress.com,New Zealand
1171,Y,Auckland,http://www.amestrib.com,New Zealand
1172,Y,Auckland,https://www.adn.com,New Zealand
1173,Y,Auckland,https://www.anchoragepress.com,New Zealand
1174,Y,Auckland,https://www.andovertownsman.com,New Zealand
1175,Y,Auckland,http://www.apg-wi.com,New Zealand
1176,Y,Auckland,https://www.apgwest.com,New Zealand
1177,Y,Auckland,https://www.appeal-democrat.com,New Zealand
1178,Y,Auckland,https://www.northfulton.com,New Zealand
1179,Y,Auckland,https://www.argus-press.com,New Zealand
1180,Y,Auckland,https://tucson.com,New Zealand
1181,Y,Auckland,https://azdailysun.com,New Zealand
1182,Y,Honolulu,https://5newsonline.com,United States
1183,Y,Honolulu,https://www.99acres.com,United States
1184,Y,Honolulu,https://www.aberdeennews.com,United States
1185,Y,Honolulu,http://abington.wickedlocal.com,United States
1186,Y,Honolulu,https://www.dailyiowegian.com,United States
1187,Y,Honolulu,http://agcanada.com,United States
1188,Y,Honolulu,https://agdealer.com,United States
1189,Y,Honolulu,http://www.agrinews-pubs.com,United States
1190,Y,Honolulu,https://www.agupdate.com,United States
1191,Y,Honolulu,http://www.ahwatukee.com,United States
1192,Y,Honolulu,https://www.aikenstandard.com,United States
1193,Y,Honolulu,http://www.aimmediatexas.com,United States
1194,N,Honolulu,http://www.airthinx.io,United States
1195,N,Honolulu,https://democratherald.com,United States
1196,N,Honolulu,http://albertafarmexpress.ca,United States
1197,Y,Honolulu,http://www.aledotimesrecord.com,United States
1198,Y,Honolulu,https://www.alicetx.com,United States
1199,Y,Honolulu,http://www.alliancetimes.com,United States
1200,Y,Honolulu,https://www.alliednews.com,United States
1201,Y,Honolulu,http://allston.wickedlocal.com,United States
1202,Y,Honolulu,https://www.amny.com,United States
1203,Y,Honolulu,https://www.amarillo.com,United States
1204,Y,Honolulu,https://www.americanmediainc.com,United States
1205,Y,Honolulu,http://americanmilitarynews.com,United States
1206,Y,Honolulu,https://www.americanpress.com,United States
1207,Y,Honolulu,http://www.amestrib.com,United States
1208,Y,Honolulu,https://www.adn.com,United States
1209,Y,Honolulu,https://www.anchoragepress.com,United States
1210,Y,Honolulu,https://www.andovertownsman.com,United States
1211,Y,Honolulu,http://www.apg-wi.com,United States
1212,Y,Honolulu,https://www.apgwest.com,United States
1213,Y,Honolulu,https://www.appeal-democrat.com,United States
1214,Y,Honolulu,https://www.northfulton.com,United States
1215,Y,Honolulu,https://www.argus-press.com,United States
1216,Y,Honolulu,https://tucson.com,United States
1217,Y,Honolulu,https://azdailysun.com,United States
1218,Y,Hong Kong,https://5newsonline.com,China
1219,Y,Hong Kong,https://www.99acres.com,China
1220,Y,Hong Kong,https://www.aberdeennews.com,China
1221,Y,Hong Kong,http://abington.wickedlocal.com,China
1222,Y,Hong Kong,https://www.dailyiowegian.com,China
1223,Y,Hong Kong,http://agcanada.com,China
1224,Y,Hong Kong,https://agdealer.com,China
1225,Y,Hong Kong,http://www.agrinews-pubs.com,China
1226,Y,Hong Kong,https://www.agupdate.com,China
1227,Y,Hong Kong,http://www.ahwatukee.com,China
1228,Y,Hong Kong,https://www.aikenstandard.com,China
1229,Y,Hong Kong,http://www.aimmediatexas.com,China
1230,N,Hong Kong,http://www.airthinx.io,China
1231,N,Hong Kong,https://democratherald.com,China
1232,N,Hong Kong,http://albertafarmexpress.ca,China
1233,Y,Hong Kong,http://www.aledotimesrecord.com,China
1234,Y,Hong Kong,https://www.alicetx.com,China
1235,Y,Hong Kong,http://www.alliancetimes.com,China
1236,Y,Hong Kong,https://www.alliednews.com,China
1237,Y,Hong Kong,http://allston.wickedlocal.com,China
1238,Y,Hong Kong,https://www.amny.com,China
1239,Y,Hong Kong,https://www.amarillo.com,China
1240,Y,Hong Kong,https://www.americanmediainc.com,China
1241,Y,Hong Kong,http://americanmilitarynews.com,China
1242,Y,Hong Kong,https://www.americanpress.com,China
1243,Y,Hong Kong,http://www.amestrib.com,China
1244,Y,Hong Kong,https://www.adn.com,China
1245,Y,Hong Kong,https://www.anchoragepress.com,China
1246,Y,Hong Kong,https://www.andovertownsman.com,China
1247,Y,Hong Kong,http://www.apg-wi.com,China
1248,Y,Hong Kong,https://www.apgwest.com,China
1249,Y,Hong Kong,https://www.appeal-democrat.com,China
1250,Y,Hong Kong,https://www.northfulton.com,China
1251,Y,Hong Kong,https://www.argus-press.com,China
1252,Y,Hong Kong,https://tucson.com,China
1253,Y,Hong Kong,https://azdailysun.com,China
1254,Y,Tel Aviv,https://5newsonline.com,Israel
1255,Y,Tel Aviv,https://www.99acres.com,Israel
1256,Y,Tel Aviv,https://www.aberdeennews.com,Israel
1257,Y,Tel Aviv,http://abington.wickedlocal.com,Israel
1258,Y,Tel Aviv,https://www.dailyiowegian.com,Israel
1259,Y,Tel Aviv,http://agcanada.com,Israel
1260,Y,Tel Aviv,https://agdealer.com,Israel
1261,Y,Tel Aviv,http://www.agrinews-pubs.com,Israel
1262,Y,Tel Aviv,https://www.agupdate.com,Israel
1263,Y,Tel Aviv,http://www.ahwatukee.com,Israel
1264,Y,Tel Aviv,https://www.aikenstandard.com,Israel
1265,Y,Tel Aviv,http://www.aimmediatexas.com,Israel
1266,N,Tel Aviv,http://www.airthinx.io,Israel
1267,N,Tel Aviv,https://democratherald.com,Israel
1268,N,Tel Aviv,http://albertafarmexpress.ca,Israel
1269,Y,Tel Aviv,http://www.aledotimesrecord.com,Israel
1270,Y,Tel Aviv,https://www.alicetx.com,Israel
1271,Y,Tel Aviv,http://www.alliancetimes.com,Israel
1272,Y,Tel Aviv,https://www.alliednews.com,Israel
1273,Y,Tel Aviv,http://allston.wickedlocal.com,Israel
1274,Y,Tel Aviv,https://www.amny.com,Israel
1275,Y,Tel Aviv,https://www.amarillo.com,Israel
1276,Y,Tel Aviv,https://www.americanmediainc.com,Israel
1277,Y,Tel Aviv,http://americanmilitarynews.com,Israel
1278,Y,Tel Aviv,https://www.americanpress.com,Israel
1279,Y,Tel Aviv,http://www.amestrib.com,Israel
1280,Y,Tel Aviv,https://www.adn.com,Israel
1281,Y,Tel Aviv,https://www.anchoragepress.com,Israel
1282,Y,Tel Aviv,https://www.andovertownsman.com,Israel
1283,Y,Tel Aviv,http://www.apg-wi.com,Israel
1284,Y,Tel Aviv,https://www.apgwest.com,Israel
1285,Y,Tel Aviv,https://www.appeal-democrat.com,Israel
1286,Y,Tel Aviv,https://www.northfulton.com,Israel
1287,Y,Tel Aviv,https://www.argus-press.com,Israel
1288,Y,Tel Aviv,https://tucson.com,Israel
1289,Y,Tel Aviv,https://azdailysun.com,Israel
1290,Y,Jakarta,https://5newsonline.com,Indonesia
1291,Y,Jakarta,https://www.99acres.com,Indonesia
1292,Y,Jakarta,https://www.aberdeennews.com,Indonesia
1293,Y,Jakarta,http://abington.wickedlocal.com,Indonesia
1294,Y,Jakarta,https://www.dailyiowegian.com,Indonesia
1295,Y,Jakarta,http://agcanada.com,Indonesia
1296,Y,Jakarta,https://agdealer.com,Indonesia
1297,Y,Jakarta,http://www.agrinews-pubs.com,Indonesia
1298,Y,Jakarta,https://www.agupdate.com,Indonesia
1299,Y,Jakarta,http://www.ahwatukee.com,Indonesia
1300,Y,Jakarta,https://www.aikenstandard.com,Indonesia
1301,Y,Jakarta,http://www.aimmediatexas.com,Indonesia
1302,N,Jakarta,http://www.airthinx.io,Indonesia
1303,N,Jakarta,https://democratherald.com,Indonesia
1304,N,Jakarta,http://albertafarmexpress.ca,Indonesia
1305,Y,Jakarta,http://www.aledotimesrecord.com,Indonesia
1306,Y,Jakarta,https://www.alicetx.com,Indonesia
1307,Y,Jakarta,http://www.alliancetimes.com,Indonesia
1308,Y,Jakarta,https://www.amarillo.com,Indonesia
1309,Y,Jakarta,https://www.americanmediainc.com,Indonesia
1310,Y,Jakarta,http://americanmilitarynews.com,Indonesia
1311,Y,Jakarta,https://www.americanpress.com,Indonesia
1312,Y,Jakarta,http://www.amestrib.com,Indonesia
1313,Y,Jakarta,https://www.adn.com,Indonesia
1314,Y,Jakarta,https://www.anchoragepress.com,Indonesia
1315,Y,Jakarta,https://www.andovertownsman.com,Indonesia
1316,Y,Jakarta,http://www.apg-wi.com,Indonesia
1317,Y,Jakarta,https://www.apgwest.com,Indonesia
1318,Y,Jakarta,https://www.appeal-democrat.com,Indonesia
1319,Y,Jakarta,https://www.northfulton.com,Indonesia
1320,Y,Jakarta,https://www.argus-press.com,Indonesia
1321,Y,Jakarta,https://tucson.com,Indonesia
1322,Y,Jakarta,https://azdailysun.com,Indonesia
1323,Y,Seoul,https://5newsonline.com,South Korea
1324,Y,Seoul,https://www.99acres.com,South Korea
1325,Y,Seoul,https://www.aberdeennews.com,South Korea
1326,Y,Seoul,http://abington.wickedlocal.com,South Korea
1327,Y,Seoul,https://www.dailyiowegian.com,South Korea
1328,Y,Seoul,http://agcanada.com,South Korea
1329,Y,Seoul,https://agdealer.com,South Korea
1330,Y,Seoul,http://www.agrinews-pubs.com,South Korea
1331,Y,Seoul,https://www.agupdate.com,South Korea
1332,Y,Seoul,http://www.ahwatukee.com,South Korea
1333,Y,Seoul,https://www.aikenstandard.com,South Korea
1334,Y,Seoul,http://www.aimmediatexas.com,South Korea
1335,N,Seoul,http://www.airthinx.io,South Korea
1336,N,Seoul,https://democratherald.com,South Korea
1337,N,Seoul,http://albertafarmexpress.ca,South Korea
1338,Y,Seoul,http://www.aledotimesrecord.com,South Korea
1339,Y,Seoul,https://www.alicetx.com,South Korea
1340,Y,Seoul,http://www.alliancetimes.com,South Korea
1341,Y,Seoul,https://www.alliednews.com,South Korea
1342,Y,Seoul,http://allston.wickedlocal.com,South Korea
1343,Y,Seoul,https://www.amny.com,South Korea
1344,Y,Seoul,https://www.amarillo.com,South Korea
1345,Y,Seoul,https://www.americanmediainc.com,South Korea
1346,Y,Seoul,http://americanmilitarynews.com,South Korea
1347,Y,Seoul,https://www.americanpress.com,South Korea
1348,Y,Seoul,http://www.amestrib.com,South Korea
1349,Y,Seoul,https://www.adn.com,South Korea
1350,Y,Seoul,https://www.anchoragepress.com,South Korea
1351,Y,Seoul,https://www.andovertownsman.com,South Korea
1352,Y,Seoul,http://www.apg-wi.com,South Korea
1353,Y,Seoul,https://www.apgwest.com,South Korea
1354,Y,Seoul,https://www.appeal-democrat.com,South Korea
1355,Y,Seoul,https://www.northfulton.com,South Korea
1356,Y,Seoul,https://www.argus-press.com,South Korea
1357,Y,Seoul,https://tucson.com,South Korea
1358,Y,Seoul,https://azdailysun.com,South Korea
1359,Y,New Delhi,https://5newsonline.com,India
1360,Y,New Delhi,https://www.99acres.com,India
1361,Y,New Delhi,https://www.aberdeennews.com,India
1362,Y,New Delhi,http://abington.wickedlocal.com,India
1363,Y,New Delhi,https://www.dailyiowegian.com,India
1364,Y,New Delhi,http://agcanada.com,India
1365,Y,New Delhi,https://agdealer.com,India
1366,Y,New Delhi,http://www.agrinews-pubs.com,India
1367,Y,New Delhi,https://www.agupdate.com,India
1368,Y,New Delhi,http://www.ahwatukee.com,India
1369,Y,New Delhi,https://www.aikenstandard.com,India
1370,Y,New Delhi,http://www.aimmediatexas.com,India
1371,N,New Delhi,http://www.airthinx.io,India
1372,N,New Delhi,https://democratherald.com,India
1373,N,New Delhi,http://albertafarmexpress.ca,India
1374,Y,New Delhi,http://www.aledotimesrecord.com,India
1375,Y,New Delhi,https://www.alicetx.com,India
1376,Y,New Delhi,http://www.alliancetimes.com,India
1377,Y,New Delhi,https://www.alliednews.com,India
1378,Y,New Delhi,http://allston.wickedlocal.com,India
1379,Y,New Delhi,https://www.amny.com,India
1380,Y,New Delhi,https://www.amarillo.com,India
1381,Y,New Delhi,https://www.americanmediainc.com,India
1382,Y,New Delhi,http://americanmilitarynews.com,India
1383,Y,New Delhi,https://www.americanpress.com,India
1384,Y,New Delhi,http://www.amestrib.com,India
1385,Y,New Delhi,https://www.adn.com,India
1386,Y,New Delhi,https://www.anchoragepress.com,India
1387,Y,New Delhi,https://www.andovertownsman.com,India
1388,Y,New Delhi,http://www.apg-wi.com,India
1389,Y,New Delhi,https://www.apgwest.com,India
1390,Y,New Delhi,https://www.appeal-democrat.com,India
1391,Y,New Delhi,https://www.northfulton.com,India
1392,Y,New Delhi,https://www.argus-press.com,India
1393,Y,New Delhi,https://tucson.com,India
1394,Y,New Delhi,https://azdailysun.com,India
1395,Y,Buenos Aires,https://5newsonline.com,Argentina
1396,Y,Buenos Aires,https://www.99acres.com,Argentina
1397,Y,Buenos Aires,https://www.aberdeennews.com,Argentina
1398,Y,Buenos Aires,http://abington.wickedlocal.com,Argentina
1399,Y,Buenos Aires,https://www.dailyiowegian.com,Argentina
1400,Y,Buenos Aires,http://agcanada.com,Argentina
1401,Y,Buenos Aires,https://agdealer.com,Argentina
1402,Y,Buenos Aires,http://www.agrinews-pubs.com,Argentina
1403,Y,Buenos Aires,https://www.agupdate.com,Argentina
1404,Y,Buenos Aires,http://www.ahwatukee.com,Argentina
1405,Y,Buenos Aires,https://www.aikenstandard.com,Argentina
1406,Y,Buenos Aires,http://www.aimmediatexas.com,Argentina
1407,N,Buenos Aires,http://www.airthinx.io,Argentina
1408,N,Buenos Aires,https://democratherald.com,Argentina
1409,N,Buenos Aires,http://albertafarmexpress.ca,Argentina
1410,Y,Buenos Aires,http://www.aledotimesrecord.com,Argentina
1411,Y,Buenos Aires,https://www.alicetx.com,Argentina
1412,Y,Buenos Aires,http://www.alliancetimes.com,Argentina
1413,Y,Buenos Aires,https://www.alliednews.com,Argentina
1414,Y,Buenos Aires,http://allston.wickedlocal.com,Argentina
1415,Y,Buenos Aires,https://www.amny.com,Argentina
1416,Y,Buenos Aires,https://www.amarillo.com,Argentina
1417,Y,Buenos Aires,https://www.americanmediainc.com,Argentina
1418,Y,Buenos Aires,http://americanmilitarynews.com,Argentina
1419,Y,Buenos Aires,https://www.americanpress.com,Argentina
1420,Y,Buenos Aires,http://www.amestrib.com,Argentina
1421,Y,Buenos Aires,https://www.adn.com,Argentina
1422,Y,Buenos Aires,https://www.anchoragepress.com,Argentina
1423,Y,Buenos Aires,https://www.andovertownsman.com,Argentina
1424,Y,Buenos Aires,http://www.apg-wi.com,Argentina
1425,Y,Buenos Aires,https://www.apgwest.com,Argentina
1426,Y,Buenos Aires,https://www.appeal-democrat.com,Argentina
1427,Y,Buenos Aires,https://www.northfulton.com,Argentina
1428,Y,Buenos Aires,https://www.argus-press.com,Argentina
1429,Y,Buenos Aires,https://tucson.com,Argentina
1430,Y,Buenos Aires,https://azdailysun.com,Argentina
1431,Y,Paris,https://5newsonline.com,France
1432,Y,Paris,https://www.99acres.com,France
1433,N,Paris,https://www.aberdeennews.com,France
1434,N,Paris,http://abington.wickedlocal.com,France
1435,N,Paris,https://www.dailyiowegian.com,France
1436,N,Paris,http://agcanada.com,France
1437,N,Paris,https://agdealer.com,France
1438,Y,Paris,http://www.agrinews-pubs.com,France
1439,Y,Paris,https://www.agupdate.com,France
1440,Y,Paris,http://www.ahwatukee.com,France
1441,Y,Paris,https://www.aikenstandard.com,France
1442,Y,Paris,http://www.aimmediatexas.com,France
1443,N,Paris,http://www.airthinx.io,France
1444,N,Paris,https://democratherald.com,France
1445,N,Paris,http://albertafarmexpress.ca,France
1446,Y,Paris,http://www.aledotimesrecord.com,France
1447,N,Paris,https://www.alicetx.com,France
1448,N,Paris,http://www.alliancetimes.com,France
1449,N,Paris,https://www.alliednews.com,France
1450,N,Paris,http://allston.wickedlocal.com,France
1451,N,Paris,https://www.amny.com,France
1452,N,Paris,https://www.amarillo.com,France
1453,N,Paris,https://www.americanmediainc.com,France
1454,N,Paris,http://americanmilitarynews.com,France
1455,N,Paris,https://www.americanpress.com,France
1456,N,Paris,http://www.amestrib.com,France
1457,Y,Paris,https://www.adn.com,France
1458,N,Paris,https://www.anchoragepress.com,France
1459,N,Paris,https://www.andovertownsman.com,France
1460,N,Paris,http://www.apg-wi.com,France
1461,N,Paris,https://www.apgwest.com,France
1462,Y,Paris,https://www.appeal-democrat.com,France
1463,N,Paris,https://www.northfulton.com,France
1464,N,Paris,https://www.argus-press.com,France
1465,N,Paris,https://tucson.com,France
1466,N,Paris,https://azdailysun.com,France
1467,N,Beijing,https://5newsonline.com,China
1468,Y,Beijing,https://www.99acres.com,China
1469,Y,Beijing,https://www.aberdeennews.com,China
1470,Y,Beijing,http://abington.wickedlocal.com,China
1471,Y,Beijing,https://www.dailyiowegian.com,China
1472,N,Beijing,http://agcanada.com,China
1473,N,Beijing,https://agdealer.com,China
1474,Y,Beijing,http://www.agrinews-pubs.com,China
1475,Y,Beijing,https://www.agupdate.com,China
1476,Y,Beijing,http://www.ahwatukee.com,China
1477,Y,Beijing,https://www.aikenstandard.com,China
1478,Y,Beijing,http://www.aimmediatexas.com,China
1479,N,Beijing,http://www.airthinx.io,China
1480,N,Beijing,https://democratherald.com,China
1481,N,Beijing,http://albertafarmexpress.ca,China
1482,Y,Beijing,http://www.aledotimesrecord.com,China
1483,Y,Beijing,https://www.alicetx.com,China
1484,N,Beijing,http://www.alliancetimes.com,China
1485,Y,Beijing,https://www.alliednews.com,China
1486,Y,Beijing,http://allston.wickedlocal.com,China
1487,Y,Beijing,https://www.amny.com,China
1488,Y,Beijing,https://www.amarillo.com,China
1489,Y,Beijing,https://www.americanmediainc.com,China
1490,Y,Beijing,http://americanmilitarynews.com,China
1491,Y,Beijing,https://www.americanpress.com,China
1492,Y,Beijing,http://www.amestrib.com,China
1493,Y,Beijing,https://www.adn.com,China
1494,Y,Beijing,https://www.anchoragepress.com,China
1495,Y,Beijing,https://www.andovertownsman.com,China
1496,Y,Beijing,http://www.apg-wi.com,China
1497,Y,Beijing,https://www.apgwest.com,China
1498,Y,Beijing,https://www.appeal-democrat.com,China
1499,Y,Beijing,https://www.northfulton.com,China
1500,Y,Beijing,https://www.argus-press.com,China
1501,N,Beijing,https://tucson.com,China
1502,Y,Beijing,https://azdailysun.com,China
1503,Y,São Paulo,https://www.99acres.com,
1504,Y,São Paulo,https://www.aberdeennews.com,
1505,Y,São Paulo,http://abington.wickedlocal.com,
1506,Y,São Paulo,https://www.dailyiowegian.com,
1507,N,São Paulo,http://agcanada.com,
1508,N,São Paulo,https://agdealer.com,
1509,Y,São Paulo,http://www.agrinews-pubs.com,
1510,Y,São Paulo,https://www.agupdate.com,
1511,Y,São Paulo,http://www.ahwatukee.com,
1512,Y,São Paulo,https://www.aikenstandard.com,
1513,Y,São Paulo,http://www.aimmediatexas.com,
1514,N,São Paulo,http://www.airthinx.io,
1515,N,São Paulo,https://democratherald.com,
1516,N,São Paulo,http://albertafarmexpress.ca,
1517,Y,São Paulo,http://www.aledotimesrecord.com,
1518,Y,São Paulo,https://www.alicetx.com,
1519,Y,São Paulo,http://www.alliancetimes.com,
1520,Y,São Paulo,https://www.alliednews.com,
1521,Y,São Paulo,http://allston.wickedlocal.com,
1522,Y,São Paulo,https://www.amny.com,
1523,Y,São Paulo,https://www.amarillo.com,
1524,Y,São Paulo,https://www.americanmediainc.com,
1525,Y,São Paulo,http://americanmilitarynews.com,
1526,Y,São Paulo,https://www.americanpress.com,
1527,Y,São Paulo,http://www.amestrib.com,
1528,Y,São Paulo,https://www.adn.com,
1529,Y,São Paulo,https://www.anchoragepress.com,
1530,Y,São Paulo,https://www.andovertownsman.com,
1531,Y,São Paulo,http://www.apg-wi.com,
1532,Y,São Paulo,https://www.apgwest.com,
1533,Y,São Paulo,https://www.appeal-democrat.com,
1534,Y,São Paulo,https://www.northfulton.com,
1535,Y,São Paulo,https://www.argus-press.com,
1536,Y,São Paulo,https://tucson.com,
1537,Y,São Paulo,https://azdailysun.com,
1538,,,,
1539,,,,
1540,,,,
1541,,,,
1542,,,,
1543,,,,
1544,,,,
1545,,,,
1546,,,,
1547,,,,
1548,,,,
1549,,,,
1550,,,,
1551,,,,
1552,,,,
1553,,,,
1554,,,,
1555,,,,
1556,,,,
1557,,,,
1558,,,,
1559,,,,
1560,,,,
1561,,,,
1562,,,,
1563,,,,
1564,,,,
1565,,,,
1566,,,,
1567,,,,
1568,,,,
1569,,,,
1570,,,,
1571,,,,
1572,,,,
1573,,,,
1574,,,,
1575,,,,
1576,,,,
1577,,,,
1578,,,,
1579,,,,
1580,,,,
1581,,,,
1582,,,,
1583,,,,
1584,,,,
1585,,,,
1586,,,,
1587,,,,
1588,,,,
1589,,,,
1590,,,,
1591,,,,
1592,,,,
1593,,,,
1594,,,,
1595,,,,
1596,,,,
1597,,,,
1598,,,,
1599,,,,
1600,,,,
1601,,,,
1602,,,,
1603,,,,
1604,,,,
1605,,,,
1606,,,,
1607,,,,
1608,,,,
1609,,,,
1610,,,,
1611,,,,
1612,,,,
1613,,,,
1614,,,,
1615,,,,
1616,,,,
1617,,,,
1618,,,,
1619,,,,
1620,,,,
1621,,,,
1622,,,,
1623,,,,
1624,,,,
1625,,,,
1626,,,,
1627,,,,
1628,,,,
1629,,,,
1630,,,,
1631,,,,
1632,,,,
1633,,,,
1634,,,,
1635,,,,
1636,,,,
1637,,,,
1638,,,,
1639,,,,
1640,,,,
1641,,,,
1642,,,,
1643,,,,
1644,,,,
1645,,,,
1646,,,,
1647,,,,
1648,,,,
1649,,,,
1650,,,,
1651,,,,
1652,,,,
1653,,,,
1654,,,,
1655,,,,
1656,,,,
1657,,,,
1658,,,,
1659,,,,
1660,,,,
1661,,,,
1662,,,,
1663,,,,
1664,,,,
1665,,,,
1666,,,,
1667,,,,
1668,,,,
1669,,,,
1670,,,,
1671,,,,
1672,,,,
1673,,,,
1674,,,,
1675,,,,
1676,,,,
1677,,,,
1678,,,,
1679,,,,
1680,,,,
1681,,,,
1682,,,,
1683,,,,
1684,,,,
1685,,,,
1686,,,,
1687,,,,
1688,,,,
1689,,,,
1690,,,,
1691,,,,
1692,,,,
1693,,,,
1694,,,,
1695,,,,
1696,,,,
1697,,,,
1698,,,,
1699,,,,
1700,,,,
1701,,,,
1702,,,,
1703,,,,
1704,,,,
1705,,,,
1706,,,,
1707,,,,
1708,,,,
1709,,,,
1710,,,,
1711,,,,
1712,,,,
1713,,,,
1714,,,,
1715,,,,
1716,,,,
1717,,,,
1718,,,,
1719,,,,
1720,,,,
1721,,,,
1722,,,,
1723,,,,
1724,,,,
1725,,,,
1726,,,,
1727,,,,
1728,,,,
1729,,,,
1730,,,,
1731,,,,
1732,,,,
1733,,,,
1734,,,,
1735,,,,
1736,,,,
1737,,,,
1738,,,,
1739,,,,
1740,,,,
1741,,,,
1742,,,,
1743,,,,
1744,,,,
1745,,,,
1746,,,,
1747,,,,
1748,,,,
1749,,,,
1750,,,,
1751,,,,
1752,,,,
1753,,,,
1754,,,,
1755,,,,
1756,,,,
1757,,,,
1758,,,,
1759,,,,
1760,,,,
1761,,,,
1762,,,,
1763,,,,
1764,,,,
1765,,,,
1766,,,,
1767,,,,
1768,,,,
1769,,,,
1770,,,,
1771,,,,
1772,,,,
1773,,,,
1774,,,,
1775,,,,
1776,,,,
1777,,,,
1778,,,,
1779,,,,
1780,,,,
1781,,,,
1782,,,,
1783,,,,
1784,,,,
1785,,,,
1786,,,,
1787,,,,
1788,,,,
1789,,,,
1790,,,,
1791,,,,
1792,,,,
1793,,,,
1794,,,,
1795,,,,
1796,,,,
1797,,,,
1798,,,,
1799,,,,
1800,,,,
1801,,,,
1802,,,,
1803,,,,
1804,,,,
1805,,,,
1806,,,,
1807,,,,
1808,,,,
1809,,,,
1810,,,,
1811,,,,
1812,,,,
1813,,,,
1814,,,,
1815,,,,
1816,,,,
1817,,,,
1818,,,,
1819,,,,
1820,,,,
1821,,,,
1822,,,,
1823,,,,
1824,,,,
1825,,,,
1826,,,,
1827,,,,
1828,,,,
1829,,,,
1830,,,,
1831,,,,
1832,,,,
1833,,,,
1834,,,,
1835,,,,
1836,,,,
1837,,,,
1838,,,,
1839,,,,
1840,,,,
1841,,,,
1842,,,,
1843,,,,
1844,,,,
1845,,,,
1846,,,,
1847,,,,
1848,,,,
1849,,,,
1850,,,,
1851,,,,
1852,,,,
1853,,,,
1854,,,,
1855,,,,
1856,,,,
1857,,,,
1858,,,,
1859,,,,
1860,,,,
1861,,,,
1862,,,,
1863,,,,
1864,,,,
1865,,,,
1866,,,,
1867,,,,
1868,,,,
1869,,,,
1870,,,,
1871,,,,
1872,,,,
1873,,,,
1874,,,,
1875,,,,
1876,,,,
1877,,,,
1878,,,,
1879,,,,
1880,,,,
1881,,,,
1882,,,,
1883,,,,
1884,,,,
1885,,,,
1886,,,,
1887,,,,
1888,,,,
1889,,,,
1890,,,,
1891,,,,
1892,,,,
1893,,,,
1894,,,,
1895,,,,
1896,,,,
1897,,,,
1898,,,,
1899,,,,
1900,,,,
1901,,,,
1902,,,,
1903,,,,
1904,,,,
1905,,,,
1906,,,,
1907,,,,
1908,,,,
1909,,,,
1910,,,,
1911,,,,
1912,,,,
1913,,,,
1914,,,,
1915,,,,
1916,,,,
1917,,,,
1918,,,,
1919,,,,
1920,,,,
1921,,,,
1922,,,,
1923,,,,
1924,,,,
1925,,,,
1926,,,,
1927,,,,
1928,,,,
1929,,,,
1930,,,,
1931,,,,
1932,,,,
1933,,,,
1934,,,,
1935,,,,
1936,,,,
1937,,,,
1938,,,,
1939,,,,
1940,,,,
1941,,,,
1942,,,,
1943,,,,
1944,,,,
1945,,,,
1946,,,,
1947,,,,
1948,,,,
1949,,,,
1950,,,,
1951,,,,
1952,,,,
1953,,,,
1954,,,,
1955,,,,
1956,,,,
1957,,,,
1958,,,,
1959,,,,
1960,,,,
1961,,,,
1962,,,,
1963,,,,
1964,,,,
1965,,,,
1966,,,,
1967,,,,
1968,,,,
1969,,,,
1970,,,,
1971,,,,
1972,,,,
1973,,,,
1974,,,,
1975,,,,
1976,,,,
1977,,,,
1978,,,,
1979,,,,
1980,,,,
1981,,,,
1982,,,,
1983,,,,
1984,,,,
1985,,,,
1986,,,,
1987,,,,
1988,,,,
1989,,,,
1990,,,,
1991,,,,
1992,,,,
1993,,,,
1994,,,,
1995,,,,
1996,,,,
1997,,,,
1998,,,,
1999,,,,
2000,,,,
2001,,,,
2002,,,,
2003,,,,
2004,,,,
2005,,,,
2006,,,,
2007,,,,
2008,,,,
2009,,,,
2010,,,,
2011,,,,
2012,,,,
2013,,,,
2014,,,,
2015,,,,
2016,,,,
2017,,,,
2018,,,,
2019,,,,
2020,,,,
2021,,,,
2022,,,,
2023,,,,
2024,,,,
2025,,,,
2026,,,,
2027,,,,
2028,,,,
2029,,,,
2030,,,,
2031,,,,
2032,,,,
2033,,,,
2034,,,,
2035,,,,
2036,,,,
2037,,,,
2038,,,,
2039,,,,
2040,,,,
2041,,,,
2042,,,,
2043,,,,
2044,,,,
2045,,,,
2046,,,,
2047,,,,
2048,,,,
2049,,,,
2050,,,,
2051,,,,
2052,,,,
2053,,,,
2054,,,,
2055,,,,
2056,,,,
2057,,,,
2058,,,,
2059,,,,
2060,,,,
2061,,,,
2062,,,,
2063,,,,
2064,,,,
2065,,,,
2066,,,,
2067,,,,
2068,,,,
2069,,,,
2070,,,,
2071,,,,
2072,,,,
2073,,,,
2074,,,,
2075,,,,
2076,,,,
2077,,,,
2078,,,,
2079,,,,
2080,,,,
2081,,,,
2082,,,,
2083,,,,
2084,,,,
2085,,,,
2086,,,,
2087,,,,
2088,,,,
2089,,,,
2090,,,,
2091,,,,
2092,,,,
2093,,,,
2094,,,,
2095,,,,
2096,,,,
2097,,,,
2098,,,,
2099,,,,
2100,,,,
2101,,,,
2102,,,,
2103,,,,
2104,,,,
2105,,,,
2106,,,,
2107,,,,
2108,,,,
2109,,,,
2110,,,,
2111,,,,
2112,,,,
2113,,,,
2114,,,,
2115,,,,
2116,,,,
2117,,,,
2118,,,,
2119,,,,
2120,,,,
2121,,,,
2122,,,,
2123,,,,
2124,,,,
2125,,,,
2126,,,,
2127,,,,
2128,,,,
2129,,,,
2130,,,,
2131,,,,
2132,,,,
2133,,,,
2134,,,,
2135,,,,
2136,,,,
2137,,,,
2138,,,,
2139,,,,
2140,,,,
2141,,,,
2142,,,,
2143,,,,
2144,,,,
2145,,,,
2146,,,,
2147,,,,
2148,,,,
2149,,,,
2150,,,,
2151,,,,
2152,,,,
2153,,,,
2154,,,,
2155,,,,
2156,,,,
2157,,,,
2158,,,,
2159,,,,
2160,,,,
2161,,,,
2162,,,,
2163,,,,
2164,,,,
2165,,,,
2166,,,,
2167,,,,
2168,,,,
2169,,,,
2170,,,,
2171,,,,
2172,,,,
2173,,,,
2174,,,,
2175,,,,
2176,,,,
2177,,,,
2178,,,,
2179,,,,
2180,,,,
2181,,,,
2182,,,,
2183,,,,
2184,,,,
2185,,,,
2186,,,,
2187,,,,
2188,,,,
2189,,,,
2190,,,,
2191,,,,
2192,,,,
2193,,,,
2194,,,,
2195,,,,
2196,,,,
2197,,,,
2198,,,,
2199,,,,
2200,,,,
2201,,,,
2202,,,,
2203,,,,
2204,,,,
2205,,,,
2206,,,,
2207,,,,
2208,,,,
2209,,,,
2210,,,,
2211,,,,
2212,,,,
2213,,,,
2214,,,,
2215,,,,
2216,,,,
2217,,,,
2218,,,,
2219,,,,
2220,,,,
2221,,,,
2222,,,,
2223,,,,
2224,,,,
2225,,,,
2226,,,,
2227,,,,
2228,,,,
2229,,,,
2230,,,,
2231,,,,
2232,,,,
2233,,,,
2234,,,,
2235,,,,
2236,,,,
2237,,,,
2238,,,,
2239,,,,
2240,,,,
2241,,,,
2242,,,,
2243,,,,
2244,,,,
2245,,,,
2246,,,,
2247,,,,
2248,,,,
2249,,,,
2250,,,,
2251,,,,
2252,,,,
2253,,,,
2254,,,,
2255,,,,
2256,,,,
2257,,,,
2258,,,,
2259,,,,
2260,,,,
2261,,,,
2262,,,,
2263,,,,
2264,,,,
2265,,,,
2266,,,,
2267,,,,
2268,,,,
2269,,,,
2270,,,,
2271,,,,
2272,,,,
2273,,,,
2274,,,,
2275,,,,
2276,,,,
2277,,,,
2278,,,,
2279,,,,
2280,,,,
2281,,,,
2282,,,,
2283,,,,
2284,,,,
2285,,,,
2286,,,,
2287,,,,
2288,,,,
2289,,,,
2290,,,,
2291,,,,
2292,,,,
2293,,,,
2294,,,,
2295,,,,
2296,,,,
2297,,,,
2298,,,,
2299,,,,
2300,,,,
2301,,,,
2302,,,,
2303,,,,
2304,,,,
2305,,,,
2306,,,,
2307,,,,
2308,,,,
2309,,,,
2310,,,,
2311,,,,
2312,,,,
2313,,,,
2314,,,,
2315,,,,
2316,,,,
2317,,,,
2318,,,,
2319,,,,
2320,,,,
2321,,,,
2322,,,,
2323,,,,
2324,,,,
2325,,,,
2326,,,,
2327,,,,
2328,,,,
2329,,,,
2330,,,,
2331,,,,
2332,,,,
2333,,,,
2334,,,,
2335,,,,
2336,,,,
2337,,,,
2338,,,,
2339,,,,
2340,,,,
2341,,,,
2342,,,,
2343,,,,
2344,,,,
2345,,,,
2346,,,,
2347,,,,
2348,,,,
2349,,,,
2350,,,,
2351,,,,
2352,,,,
2353,,,,
2354,,,,
2355,,,,
2356,,,,
2357,,,,
2358,,,,
2359,,,,
2360,,,,
2361,,,,
2362,,,,
2363,,,,
2364,,,,
2365,,,,
2366,,,,
2367,,,,
2368,,,,
2369,,,,
2370,,,,
2371,,,,
2372,,,,
2373,,,,
2374,,,,
2375,,,,
2376,,,,
2377,,,,
2378,,,,
2379,,,,
2380,,,,
2381,,,,
2382,,,,
2383,,,,
2384,,,,
2385,,,,
2386,,,,
2387,,,,
2388,,,,
2389,,,,
2390,,,,
2391,,,,
2392,,,,
2393,,,,
2394,,,,
2395,,,,
2396,,,,
2397,,,,
2398,,,,
2399,,,,
2400,,,,
2401,,,,
2402,,,,
2403,,,,
2404,,,,
2405,,,,
2406,,,,
2407,,,,
2408,,,,
2409,,,,
2410,,,,
2411,,,,
2412,,,,
2413,,,,
2414,,,,
2415,,,,
2416,,,,
2417,,,,
2418,,,,
2419,,,,
2420,,,,
2421,,,,
2422,,,,
2423,,,,
2424,,,,
2425,,,,
2426,,,,
2427,,,,
2428,,,,
2429,,,,
2430,,,,
2431,,,,
2432,,,,
2433,,,,
2434,,,,
2435,,,,
2436,,,,
2437,,,,
2438,,,,
2439,,,,
2440,,,,
2441,,,,
2442,,,,
2443,,,,
2444,,,,
2445,,,,
2446,,,,
2447,,,,
2448,,,,
2449,,,,
2450,,,,
2451,,,,
2452,,,,
2453,,,,
2454,,,,
2455,,,,
2456,,,,
2457,,,,
2458,,,,
2459,,,,
2460,,,,
2461,,,,
2462,,,,
2463,,,,
2464,,,,
2465,,,,
2466,,,,
2467,,,,
2468,,,,
2469,,,,
2470,,,,
2471,,,,
2472,,,,
2473,,,,
2474,,,,
2475,,,,
2476,,,,
2477,,,,
2478,,,,
2479,,,,
2480,,,,
2481,,,,
2482,,,,
2483,,,,
2484,,,,
2485,,,,
2486,,,,
2487,,,,
2488,,,,
2489,,,,
2490,,,,
2491,,,,
2492,,,,
2493,,,,
2494,,,,
2495,,,,
2496,,,,
2497,,,,
2498,,,,
2499,,,,
2500,,,,
2501,,,,
2502,,,,
2503,,,,
2504,,,,
2505,,,,
2506,,,,
2507,,,,
2508,,,,
2509,,,,
2510,,,,
2511,,,,
2512,,,,
2513,,,,
2514,,,,
2515,,,,
2516,,,,
2517,,,,
2518,,,,
2519,,,,
2520,,,,
2521,,,,
2522,,,,
2523,,,,
2524,,,,
2525,,,,
2526,,,,
2527,,,,
2528,,,,
2529,,,,
2530,,,,
2531,,,,
2532,,,,
2533,,,,
2534,,,,
2535,,,,
2536,,,,
2537,,,,
2538,,,,
2539,,,,
2540,,,,
2541,,,,
2542,,,,
2543,,,,
2544,,,,
2545,,,,
2546,,,,
2547,,,,
2548,,,,
2549,,,,
2550,,,,
2551,,,,
2552,,,,
2553,,,,
2554,,,,
2555,,,,
2556,,,,
2557,,,,
2558,,,,
2559,,,,
2560,,,,
2561,,,,
2562,,,,
2563,,,,
2564,,,,
2565,,,,
2566,,,,
2567,,,,
2568,,,,
2569,,,,
2570,,,,
2571,,,,
2572,,,,
2573,,,,
2574,,,,
2575,,,,
2576,,,,
2577,,,,
2578,,,,
2579,,,,
2580,,,,
2581,,,,
2582,,,,
2583,,,,
2584,,,,
2585,,,,
2586,,,,
2587,,,,
2588,,,,
2589,,,,
2590,,,,
2591,,,,
2592,,,,
2593,,,,
2594,,,,
2595,,,,
2596,,,,
2597,,,,
2598,,,,
2599,,,,
2600,,,,
2601,,,,
2602,,,,
2603,,,,
2604,,,,
2605,,,,
2606,,,,
2607,,,,
2608,,,,
2609,,,,
2610,,,,
2611,,,,
2612,,,,
2613,,,,
2614,,,,
2615,,,,
2616,,,,
2617,,,,
2618,,,,
2619,,,,
2620,,,,
2621,,,,
2622,,,,
2623,,,,
2624,,,,
2625,,,,
2626,,,,
2627,,,,
2628,,,,
2629,,,,
2630,,,,
2631,,,,
2632,,,,
2633,,,,
2634,,,,
2635,,,,
2636,,,,
2637,,,,
2638,,,,
2639,,,,
2640,,,,
2641,,,,
2642,,,,
2643,,,,
2644,,,,
2645,,,,
2646,,,,
2647,,,,
2648,,,,
2649,,,,
2650,,,,
2651,,,,
2652,,,,
2653,,,,
2654,,,,
2655,,,,
2656,,,,
2657,,,,
2658,,,,
2659,,,,
2660,,,,
2661,,,,
2662,,,,
2663,,,,
2664,,,,
2665,,,,
2666,,,,
2667,,,,
2668,,,,
2669,,,,
2670,,,,
2671,,,,
2672,,,,
2673,,,,
2674,,,,
2675,,,,
2676,,,,
2677,,,,
2678,,,,
2679,,,,
2680,,,,
2681,,,,
2682,,,,
2683,,,,
2684,,,,
2685,,,,
2686,,,,
2687,,,,
2688,,,,
2689,,,,
2690,,,,
2691,,,,
2692,,,,
2693,,,,
2694,,,,
2695,,,,
2696,,,,
2697,,,,
2698,,,,
2699,,,,
2700,,,,
2701,,,,
2702,,,,
2703,,,,
2704,,,,
2705,,,,
2706,,,,
2707,,,,
2708,,,,
2709,,,,
2710,,,,
2711,,,,
2712,,,,
2713,,,,
2714,,,,
2715,,,,
2716,,,,
2717,,,,
2718,,,,
2719,,,,
2720,,,,
2721,,,,
2722,,,,
2723,,,,
2724,,,,
2725,,,,
2726,,,,
2727,,,,
2728,,,,
2729,,,,
2730,,,,
2731,,,,
2732,,,,
2733,,,,
2734,,,,
2735,,,,
2736,,,,
2737,,,,
2738,,,,
2739,,,,
2740,,,,
2741,,,,
2742,,,,
2743,,,,
2744,,,,
2745,,,,
2746,,,,
2747,,,,
2748,,,,
2749,,,,
2750,,,,
2751,,,,
2752,,,,
2753,,,,
2754,,,,
2755,,,,
2756,,,,
2757,,,,
2758,,,,
2759,,,,
2760,,,,
2761,,,,
2762,,,,
2763,,,,
2764,,,,
2765,,,,
2766,,,,
2767,,,,
2768,,,,
2769,,,,
2770,,,,
2771,,,,
2772,,,,
2773,,,,
2774,,,,
2775,,,,
2776,,,,
2777,,,,
2778,,,,
2779,,,,
2780,,,,
2781,,,,
2782,,,,
2783,,,,
2784,,,,
2785,,,,
2786,,,,
2787,,,,
2788,,,,
2789,,,,
2790,,,,
2791,,,,
2792,,,,
2793,,,,
2794,,,,
2795,,,,
2796,,,,
2797,,,,
2798,,,,
2799,,,,
2800,,,,
2801,,,,
2802,,,,
2803,,,,
2804,,,,
2805,,,,
2806,,,,
2807,,,,
2808,,,,
2809,,,,
2810,,,,
2811,,,,
2812,,,,
2813,,,,
2814,,,,
2815,,,,
2816,,,,
2817,,,,
2818,,,,
2819,,,,
2820,,,,
2821,,,,
2822,,,,
2823,,,,
2824,,,,
2825,,,,
2826,,,,
2827,,,,
2828,,,,
2829,,,,
2830,,,,
2831,,,,
2832,,,,
2833,,,,
2834,,,,
2835,,,,
2836,,,,
2837,,,,
2838,,,,
2839,,,,
2840,,,,
2841,,,,
2842,,,,
2843,,,,
2844,,,,
2845,,,,
2846,,,,
2847,,,,
2848,,,,
2849,,,,
2850,,,,
2851,,,,
2852,,,,
2853,,,,
2854,,,,
2855,,,,
2856,,,,
2857,,,,
2858,,,,
2859,,,,
2860,,,,
2861,,,,
2862,,,,
2863,,,,
2864,,,,
2865,,,,
2866,,,,
2867,,Goteborg,,Sweden
2868,,Sao Paulo,,Brazil
