,Website,City,Available
0,https://5newsonline.com,Toronto,Y
1,https://5newsonline.com,London,Y
2,https://5newsonline.com,Milan,Y
3,https://5newsonline.com,Frankfurt,Y
4,https://5newsonline.com,Vancouver,Y
5,https://5newsonline.com,Haarlem,Y
6,https://5newsonline.com,Sydney,Y
7,https://5newsonline.com,Amsterdam,Y
8,https://5newsonline.com,Prague,Y
9,https://5newsonline.com,Eindhoven,Y
10,https://5newsonline.com,Groningen,Y
11,https://5newsonline.com,Lelystad,Y
12,https://5newsonline.com,Hamburg,Y
13,https://5newsonline.com,Brussels,Y
14,https://5newsonline.com,Berlin,Y
15,https://5newsonline.com,Lille,Y
16,https://5newsonline.com,Dublin,Y
17,https://5newsonline.com,Edinburgh,Y
18,https://5newsonline.com,Salzburg,Y
19,https://5newsonline.com,Tokyo,Y
20,https://5newsonline.com,Los Angeles,Y
21,https://5newsonline.com,Göteborg,Y
22,https://5newsonline.com,Palermo,Y
23,https://5newsonline.com,New York,Y
24,https://5newsonline.com,San Diego,Y
25,https://5newsonline.com,Seattle,Y
26,https://5newsonline.com,Guadalajara,Y
27,https://5newsonline.com,Tampa,Y
28,https://5newsonline.com,Singapore,Y
29,https://5newsonline.com,Oslo,Y
30,https://5newsonline.com,Rome,Y
31,https://5newsonline.com,Leipzig,Y
32,https://5newsonline.com,Auckland,Y
33,https://5newsonline.com,Honolulu,Y
34,https://5newsonline.com,Hong Kong,Y
35,https://5newsonline.com,Tel Aviv,Y
36,https://5newsonline.com,Jakarta,Y
37,https://5newsonline.com,Seoul,Y
38,https://5newsonline.com,New Delhi,Y
39,https://5newsonline.com,Buenos Aires,Y
40,https://5newsonline.com,Paris,Y
41,https://5newsonline.com,Beijing,N
42,https://www.99acres.com,Tokyo,Y
43,https://www.99acres.com,Hong Kong,Y
44,https://www.99acres.com,Hamburg,Y
45,https://www.99acres.com,Prague,Y
46,https://www.99acres.com,Los Angeles,Y
47,https://www.99acres.com,Berlin,Y
48,https://www.99acres.com,London,Y
49,https://www.99acres.com,Amsterdam,Y
50,https://www.99acres.com,Frankfurt,Y
51,https://www.99acres.com,Eindhoven,Y
52,https://www.99acres.com,Haarlem,Y
53,https://www.99acres.com,Dublin,Y
54,https://www.99acres.com,Milan,Y
55,https://www.99acres.com,Salzburg,Y
56,https://www.99acres.com,Brussels,Y
57,https://www.99acres.com,Palermo,Y
58,https://www.99acres.com,Lille,Y
59,https://www.99acres.com,Singapore,Y
60,https://www.99acres.com,Groningen,Y
61,https://www.99acres.com,Göteborg,Y
62,https://www.99acres.com,Lelystad,Y
63,https://www.99acres.com,Seattle,Y
64,https://www.99acres.com,Leipzig,Y
65,https://www.99acres.com,Jakarta,Y
66,https://www.99acres.com,Sydney,Y
67,https://www.99acres.com,San Diego,Y
68,https://www.99acres.com,Tampa,Y
69,https://www.99acres.com,Vancouver,Y
70,https://www.99acres.com,New Delhi,Y
71,https://www.99acres.com,Edinburgh,Y
72,https://www.99acres.com,Oslo,Y
73,https://www.99acres.com,New York,Y
74,https://www.99acres.com,Auckland,Y
75,https://www.99acres.com,Seoul,Y
76,https://www.99acres.com,Buenos Aires,Y
77,https://www.99acres.com,Toronto,Y
78,https://www.99acres.com,Honolulu,Y
79,https://www.99acres.com,Rome,Y
80,https://www.99acres.com,Guadalajara,Y
81,https://www.99acres.com,Tel Aviv,Y
82,https://www.99acres.com,São Paulo,Y
83,https://www.99acres.com,Paris,Y
84,https://www.99acres.com,Beijing,Y
85,https://www.aberdeennews.com,New York,Y
86,https://www.aberdeennews.com,Toronto,Y
87,https://www.aberdeennews.com,Tampa,Y
88,https://www.aberdeennews.com,San Diego,Y
89,https://www.aberdeennews.com,Vancouver,Y
90,https://www.aberdeennews.com,Los Angeles,Y
91,https://www.aberdeennews.com,Seattle,Y
92,https://www.aberdeennews.com,Guadalajara,Y
93,https://www.aberdeennews.com,Tel Aviv,Y
94,https://www.aberdeennews.com,Buenos Aires,Y
95,https://www.aberdeennews.com,Tokyo,Y
96,https://www.aberdeennews.com,São Paulo,Y
97,https://www.aberdeennews.com,Honolulu,Y
98,https://www.aberdeennews.com,Hong Kong,Y
99,https://www.aberdeennews.com,New Delhi,Y
100,https://www.aberdeennews.com,Sydney,Y
101,https://www.aberdeennews.com,Jakarta,Y
102,https://www.aberdeennews.com,Seoul,Y
103,https://www.aberdeennews.com,Singapore,Y
104,https://www.aberdeennews.com,Auckland,Y
105,https://www.aberdeennews.com,Beijing,Y
106,https://www.aberdeennews.com,Amsterdam,N
107,https://www.aberdeennews.com,Berlin,N
108,https://www.aberdeennews.com,Edinburgh,N
109,https://www.aberdeennews.com,Göteborg,N
110,https://www.aberdeennews.com,Frankfurt,N
111,https://www.aberdeennews.com,Dublin,N
112,https://www.aberdeennews.com,Eindhoven,N
113,https://www.aberdeennews.com,Brussels,N
114,https://www.aberdeennews.com,Lelystad,N
115,https://www.aberdeennews.com,Hamburg,N
116,https://www.aberdeennews.com,Haarlem,N
117,https://www.aberdeennews.com,Leipzig,N
118,https://www.aberdeennews.com,Groningen,N
119,https://www.aberdeennews.com,London,N
120,https://www.aberdeennews.com,Lille,N
121,https://www.aberdeennews.com,Prague,N
122,https://www.aberdeennews.com,Oslo,N
123,https://www.aberdeennews.com,Palermo,N
124,https://www.aberdeennews.com,Paris,N
125,https://www.aberdeennews.com,Salzburg,N
126,https://www.aberdeennews.com,Rome,N
127,http://abington.wickedlocal.com,Toronto,Y
128,http://abington.wickedlocal.com,New York,Y
129,http://abington.wickedlocal.com,Tampa,Y
130,http://abington.wickedlocal.com,Los Angeles,Y
131,http://abington.wickedlocal.com,San Diego,Y
132,http://abington.wickedlocal.com,Vancouver,Y
133,http://abington.wickedlocal.com,Guadalajara,Y
134,http://abington.wickedlocal.com,Seattle,Y
135,http://abington.wickedlocal.com,Honolulu,Y
136,http://abington.wickedlocal.com,Tel Aviv,Y
137,http://abington.wickedlocal.com,Tokyo,Y
138,http://abington.wickedlocal.com,Sydney,Y
139,http://abington.wickedlocal.com,Auckland,Y
140,http://abington.wickedlocal.com,Hong Kong,Y
141,http://abington.wickedlocal.com,São Paulo,Y
142,http://abington.wickedlocal.com,Jakarta,Y
143,http://abington.wickedlocal.com,Singapore,Y
144,http://abington.wickedlocal.com,Seoul,Y
145,http://abington.wickedlocal.com,Beijing,Y
146,http://abington.wickedlocal.com,Buenos Aires,Y
147,http://abington.wickedlocal.com,New Delhi,Y
148,http://abington.wickedlocal.com,Dublin,N
149,http://abington.wickedlocal.com,Berlin,N
150,http://abington.wickedlocal.com,Frankfurt,N
151,http://abington.wickedlocal.com,Groningen,N
152,http://abington.wickedlocal.com,Lille,N
153,http://abington.wickedlocal.com,Haarlem,N
154,http://abington.wickedlocal.com,Amsterdam,N
155,http://abington.wickedlocal.com,London,N
156,http://abington.wickedlocal.com,Lelystad,N
157,http://abington.wickedlocal.com,Milan,N
158,http://abington.wickedlocal.com,Oslo,N
159,http://abington.wickedlocal.com,Palermo,N
160,http://abington.wickedlocal.com,Hamburg,N
161,http://abington.wickedlocal.com,Edinburgh,N
162,http://abington.wickedlocal.com,Paris,N
163,http://abington.wickedlocal.com,Brussels,N
164,http://abington.wickedlocal.com,Eindhoven,N
165,http://abington.wickedlocal.com,Prague,N
166,http://abington.wickedlocal.com,Göteborg,N
167,http://abington.wickedlocal.com,Rome,N
168,http://abington.wickedlocal.com,Salzburg,N
169,http://abington.wickedlocal.com,Leipzig,N
170,https://www.dailyiowegian.com,Toronto,Y
171,https://www.dailyiowegian.com,New York,Y
172,https://www.dailyiowegian.com,Seattle,Y
173,https://www.dailyiowegian.com,San Diego,Y
174,https://www.dailyiowegian.com,Los Angeles,Y
175,https://www.dailyiowegian.com,Vancouver,Y
176,https://www.dailyiowegian.com,Guadalajara,Y
177,https://www.dailyiowegian.com,Tampa,Y
178,https://www.dailyiowegian.com,Göteborg,Y
179,https://www.dailyiowegian.com,Honolulu,Y
180,https://www.dailyiowegian.com,Oslo,Y
181,https://www.dailyiowegian.com,Tel Aviv,Y
182,https://www.dailyiowegian.com,Buenos Aires,Y
183,https://www.dailyiowegian.com,Tokyo,Y
184,https://www.dailyiowegian.com,Jakarta,Y
185,https://www.dailyiowegian.com,Auckland,Y
186,https://www.dailyiowegian.com,New Delhi,Y
187,https://www.dailyiowegian.com,Hong Kong,Y
188,https://www.dailyiowegian.com,Seoul,Y
189,https://www.dailyiowegian.com,São Paulo,Y
190,https://www.dailyiowegian.com,Sydney,Y
191,https://www.dailyiowegian.com,Singapore,Y
192,https://www.dailyiowegian.com,Beijing,Y
193,https://www.dailyiowegian.com,Berlin,N
194,https://www.dailyiowegian.com,Amsterdam,N
195,https://www.dailyiowegian.com,Dublin,N
196,https://www.dailyiowegian.com,Groningen,N
197,https://www.dailyiowegian.com,Edinburgh,N
198,https://www.dailyiowegian.com,Frankfurt,N
199,https://www.dailyiowegian.com,Haarlem,N
200,https://www.dailyiowegian.com,Eindhoven,N
201,https://www.dailyiowegian.com,Leipzig,N
202,https://www.dailyiowegian.com,Hamburg,N
203,https://www.dailyiowegian.com,Lille,N
204,https://www.dailyiowegian.com,Brussels,N
205,https://www.dailyiowegian.com,Lelystad,N
206,https://www.dailyiowegian.com,London,N
207,https://www.dailyiowegian.com,Milan,N
208,https://www.dailyiowegian.com,Prague,N
209,https://www.dailyiowegian.com,Rome,N
210,https://www.dailyiowegian.com,Paris,N
211,https://www.dailyiowegian.com,Palermo,N
212,https://www.dailyiowegian.com,Salzburg,N
213,http://agcanada.com,New York,Y
214,http://agcanada.com,Sydney,Y
215,http://agcanada.com,Los Angeles,Y
216,http://agcanada.com,Toronto,Y
217,http://agcanada.com,Seattle,Y
218,http://agcanada.com,Singapore,Y
219,http://agcanada.com,Tel Aviv,Y
220,http://agcanada.com,Vancouver,Y
221,http://agcanada.com,Auckland,Y
222,http://agcanada.com,Tokyo,Y
223,http://agcanada.com,Oslo,Y
224,http://agcanada.com,Tampa,Y
225,http://agcanada.com,Hong Kong,Y
226,http://agcanada.com,Jakarta,Y
227,http://agcanada.com,San Diego,Y
228,http://agcanada.com,Honolulu,Y
229,http://agcanada.com,Guadalajara,Y
230,http://agcanada.com,Buenos Aires,Y
231,http://agcanada.com,Seoul,Y
232,http://agcanada.com,New Delhi,Y
233,http://agcanada.com,Beijing,N
234,http://agcanada.com,Haarlem,N
235,http://agcanada.com,Amsterdam,N
236,http://agcanada.com,Frankfurt,N
237,http://agcanada.com,Groningen,N
238,http://agcanada.com,Hamburg,N
239,http://agcanada.com,Eindhoven,N
240,http://agcanada.com,Rome,N
241,http://agcanada.com,Brussels,N
242,http://agcanada.com,Dublin,N
243,http://agcanada.com,Paris,N
244,http://agcanada.com,Berlin,N
245,http://agcanada.com,Göteborg,N
246,http://agcanada.com,São Paulo,N
247,http://agcanada.com,Lelystad,N
248,http://agcanada.com,Palermo,N
249,http://agcanada.com,Leipzig,N
250,http://agcanada.com,Edinburgh,N
251,http://agcanada.com,London,N
252,http://agcanada.com,Lille,N
253,http://agcanada.com,Salzburg,N
254,http://agcanada.com,Milan,N
255,http://agcanada.com,Prague,N
256,https://agdealer.com,Toronto,Y
257,https://agdealer.com,New York,Y
258,https://agdealer.com,San Diego,Y
259,https://agdealer.com,Los Angeles,Y
260,https://agdealer.com,Vancouver,Y
261,https://agdealer.com,Seattle,Y
262,https://agdealer.com,Tampa,Y
263,https://agdealer.com,Guadalajara,Y
264,https://agdealer.com,Honolulu,Y
265,https://agdealer.com,Oslo,Y
266,https://agdealer.com,Tel Aviv,Y
267,https://agdealer.com,Auckland,Y
268,https://agdealer.com,Tokyo,Y
269,https://agdealer.com,Singapore,Y
270,https://agdealer.com,Sydney,Y
271,https://agdealer.com,Hong Kong,Y
272,https://agdealer.com,Jakarta,Y
273,https://agdealer.com,Seoul,Y
274,https://agdealer.com,Buenos Aires,Y
275,https://agdealer.com,New Delhi,Y
276,https://agdealer.com,Brussels,N
277,https://agdealer.com,Beijing,N
278,https://agdealer.com,Hamburg,N
279,https://agdealer.com,Dublin,N
280,https://agdealer.com,Göteborg,N
281,https://agdealer.com,Edinburgh,N
282,https://agdealer.com,Haarlem,N
283,https://agdealer.com,Groningen,N
284,https://agdealer.com,Frankfurt,N
285,https://agdealer.com,Lelystad,N
286,https://agdealer.com,Leipzig,N
287,https://agdealer.com,Eindhoven,N
288,https://agdealer.com,Berlin,N
289,https://agdealer.com,Amsterdam,N
290,https://agdealer.com,Rome,N
291,https://agdealer.com,Paris,N
292,https://agdealer.com,Lille,N
293,https://agdealer.com,São Paulo,N
294,https://agdealer.com,Milan,N
295,https://agdealer.com,London,N
296,https://agdealer.com,Salzburg,N
297,https://agdealer.com,Prague,N
298,https://agdealer.com,Palermo,N
299,http://www.agrinews-pubs.com,New York,Y
300,http://www.agrinews-pubs.com,Toronto,Y
301,http://www.agrinews-pubs.com,Tampa,Y
302,http://www.agrinews-pubs.com,Seattle,Y
303,http://www.agrinews-pubs.com,Milan,Y
304,http://www.agrinews-pubs.com,Guadalajara,Y
305,http://www.agrinews-pubs.com,Los Angeles,Y
306,http://www.agrinews-pubs.com,Vancouver,Y
307,http://www.agrinews-pubs.com,London,Y
308,http://www.agrinews-pubs.com,Amsterdam,Y
309,http://www.agrinews-pubs.com,Groningen,Y
310,http://www.agrinews-pubs.com,Paris,Y
311,http://www.agrinews-pubs.com,Lelystad,Y
312,http://www.agrinews-pubs.com,Haarlem,Y
313,http://www.agrinews-pubs.com,Edinburgh,Y
314,http://www.agrinews-pubs.com,Brussels,Y
315,http://www.agrinews-pubs.com,Lille,Y
316,http://www.agrinews-pubs.com,Berlin,Y
317,http://www.agrinews-pubs.com,Eindhoven,Y
318,http://www.agrinews-pubs.com,Salzburg,Y
319,http://www.agrinews-pubs.com,San Diego,Y
320,http://www.agrinews-pubs.com,Hamburg,Y
321,http://www.agrinews-pubs.com,Frankfurt,Y
322,http://www.agrinews-pubs.com,Dublin,Y
323,http://www.agrinews-pubs.com,Oslo,Y
324,http://www.agrinews-pubs.com,Göteborg,Y
325,http://www.agrinews-pubs.com,Prague,Y
326,http://www.agrinews-pubs.com,Honolulu,Y
327,http://www.agrinews-pubs.com,Leipzig,Y
328,http://www.agrinews-pubs.com,Hong Kong,Y
329,http://www.agrinews-pubs.com,Rome,Y
330,http://www.agrinews-pubs.com,Buenos Aires,Y
331,http://www.agrinews-pubs.com,São Paulo,Y
332,http://www.agrinews-pubs.com,New Delhi,Y
333,http://www.agrinews-pubs.com,Tokyo,Y
334,http://www.agrinews-pubs.com,Tel Aviv,Y
335,http://www.agrinews-pubs.com,Auckland,Y
336,http://www.agrinews-pubs.com,Singapore,Y
337,http://www.agrinews-pubs.com,Sydney,Y
338,http://www.agrinews-pubs.com,Jakarta,Y
339,http://www.agrinews-pubs.com,Seoul,Y
340,http://www.agrinews-pubs.com,Beijing,Y
341,http://www.agrinews-pubs.com,Palermo,N
342,https://www.agupdate.com,New York,Y
343,https://www.agupdate.com,Toronto,Y
344,https://www.agupdate.com,Tampa,Y
345,https://www.agupdate.com,Seattle,Y
346,https://www.agupdate.com,Milan,Y
347,https://www.agupdate.com,Guadalajara,Y
348,https://www.agupdate.com,Los Angeles,Y
349,https://www.agupdate.com,Vancouver,Y
350,https://www.agupdate.com,London,Y
351,https://www.agupdate.com,Amsterdam,Y
352,https://www.agupdate.com,Groningen,Y
353,https://www.agupdate.com,Paris,Y
354,https://www.agupdate.com,Lelystad,Y
355,https://www.agupdate.com,Haarlem,Y
356,https://www.agupdate.com,Edinburgh,Y
357,https://www.agupdate.com,Brussels,Y
358,https://www.agupdate.com,Lille,Y
359,https://www.agupdate.com,Berlin,Y
360,https://www.agupdate.com,Eindhoven,Y
361,https://www.agupdate.com,Salzburg,Y
362,https://www.agupdate.com,San Diego,Y
363,https://www.agupdate.com,Hamburg,Y
364,https://www.agupdate.com,Frankfurt,Y
365,https://www.agupdate.com,Dublin,Y
366,https://www.agupdate.com,Oslo,Y
367,https://www.agupdate.com,Göteborg,Y
368,https://www.agupdate.com,Prague,Y
369,https://www.agupdate.com,Honolulu,Y
370,https://www.agupdate.com,Leipzig,Y
371,https://www.agupdate.com,Hong Kong,Y
372,https://www.agupdate.com,Rome,Y
373,https://www.agupdate.com,Buenos Aires,Y
374,https://www.agupdate.com,São Paulo,Y
375,https://www.agupdate.com,New Delhi,Y
376,https://www.agupdate.com,Tokyo,Y
377,https://www.agupdate.com,Tel Aviv,Y
378,https://www.agupdate.com,Auckland,Y
379,https://www.agupdate.com,Singapore,Y
380,https://www.agupdate.com,Sydney,Y
381,https://www.agupdate.com,Jakarta,Y
382,https://www.agupdate.com,Seoul,Y
383,https://www.agupdate.com,Beijing,Y
384,https://www.agupdate.com,Palermo,N
385,http://www.ahwatukee.com,New York,Y
386,http://www.ahwatukee.com,Toronto,Y
387,http://www.ahwatukee.com,Tampa,Y
388,http://www.ahwatukee.com,Seattle,Y
389,http://www.ahwatukee.com,Milan,Y
390,http://www.ahwatukee.com,Guadalajara,Y
391,http://www.ahwatukee.com,Los Angeles,Y
392,http://www.ahwatukee.com,Vancouver,Y
393,http://www.ahwatukee.com,London,Y
394,http://www.ahwatukee.com,Amsterdam,Y
395,http://www.ahwatukee.com,Groningen,Y
396,http://www.ahwatukee.com,Paris,Y
397,http://www.ahwatukee.com,Lelystad,Y
398,http://www.ahwatukee.com,Haarlem,Y
399,http://www.ahwatukee.com,Edinburgh,Y
400,http://www.ahwatukee.com,Brussels,Y
401,http://www.ahwatukee.com,Lille,Y
402,http://www.ahwatukee.com,Berlin,Y
403,http://www.ahwatukee.com,Eindhoven,Y
404,http://www.ahwatukee.com,Salzburg,Y
405,http://www.ahwatukee.com,San Diego,Y
406,http://www.ahwatukee.com,Hamburg,Y
407,http://www.ahwatukee.com,Frankfurt,Y
408,http://www.ahwatukee.com,Dublin,Y
409,http://www.ahwatukee.com,Oslo,Y
410,http://www.ahwatukee.com,Göteborg,Y
411,http://www.ahwatukee.com,Prague,Y
412,http://www.ahwatukee.com,Honolulu,Y
413,http://www.ahwatukee.com,Leipzig,Y
414,http://www.ahwatukee.com,Hong Kong,Y
415,http://www.ahwatukee.com,Rome,Y
416,http://www.ahwatukee.com,Buenos Aires,Y
417,http://www.ahwatukee.com,São Paulo,Y
418,http://www.ahwatukee.com,New Delhi,Y
419,http://www.ahwatukee.com,Tokyo,Y
420,http://www.ahwatukee.com,Tel Aviv,Y
421,http://www.ahwatukee.com,Auckland,Y
422,http://www.ahwatukee.com,Singapore,Y
423,http://www.ahwatukee.com,Sydney,Y
424,http://www.ahwatukee.com,Jakarta,Y
425,http://www.ahwatukee.com,Seoul,Y
426,http://www.ahwatukee.com,Beijing,Y
427,http://www.ahwatukee.com,Palermo,N
428,https://www.aikenstandard.com,New York,Y
429,https://www.aikenstandard.com,Toronto,Y
430,https://www.aikenstandard.com,Tampa,Y
431,https://www.aikenstandard.com,San Diego,Y
432,https://www.aikenstandard.com,Seattle,Y
433,https://www.aikenstandard.com,Los Angeles,Y
434,https://www.aikenstandard.com,London,Y
435,https://www.aikenstandard.com,Brussels,Y
436,https://www.aikenstandard.com,Guadalajara,Y
437,https://www.aikenstandard.com,Lelystad,Y
438,https://www.aikenstandard.com,Amsterdam,Y
439,https://www.aikenstandard.com,Haarlem,Y
440,https://www.aikenstandard.com,Vancouver,Y
441,https://www.aikenstandard.com,Groningen,Y
442,https://www.aikenstandard.com,Lille,Y
443,https://www.aikenstandard.com,Frankfurt,Y
444,https://www.aikenstandard.com,Eindhoven,Y
445,https://www.aikenstandard.com,Edinburgh,Y
446,https://www.aikenstandard.com,Milan,Y
447,https://www.aikenstandard.com,Hamburg,Y
448,https://www.aikenstandard.com,Dublin,Y
449,https://www.aikenstandard.com,Berlin,Y
450,https://www.aikenstandard.com,Salzburg,Y
451,https://www.aikenstandard.com,Prague,Y
452,https://www.aikenstandard.com,Leipzig,Y
453,https://www.aikenstandard.com,Honolulu,Y
454,https://www.aikenstandard.com,São Paulo,Y
455,https://www.aikenstandard.com,Göteborg,Y
456,https://www.aikenstandard.com,Oslo,Y
457,https://www.aikenstandard.com,Palermo,Y
458,https://www.aikenstandard.com,Buenos Aires,Y
459,https://www.aikenstandard.com,Hong Kong,Y
460,https://www.aikenstandard.com,New Delhi,Y
461,https://www.aikenstandard.com,Rome,Y
462,https://www.aikenstandard.com,Tel Aviv,Y
463,https://www.aikenstandard.com,Singapore,Y
464,https://www.aikenstandard.com,Tokyo,Y
465,https://www.aikenstandard.com,Seoul,Y
466,https://www.aikenstandard.com,Paris,Y
467,https://www.aikenstandard.com,Jakarta,Y
468,https://www.aikenstandard.com,Auckland,Y
469,https://www.aikenstandard.com,Sydney,Y
470,https://www.aikenstandard.com,Beijing,Y
471,http://www.aimmediatexas.com,New York,Y
472,http://www.aimmediatexas.com,Toronto,Y
473,http://www.aimmediatexas.com,Tampa,Y
474,http://www.aimmediatexas.com,San Diego,Y
475,http://www.aimmediatexas.com,Seattle,Y
476,http://www.aimmediatexas.com,Vancouver,Y
477,http://www.aimmediatexas.com,Los Angeles,Y
478,http://www.aimmediatexas.com,Edinburgh,Y
479,http://www.aimmediatexas.com,Lille,Y
480,http://www.aimmediatexas.com,London,Y
481,http://www.aimmediatexas.com,Oslo,Y
482,http://www.aimmediatexas.com,Milan,Y
483,http://www.aimmediatexas.com,Prague,Y
484,http://www.aimmediatexas.com,Honolulu,Y
485,http://www.aimmediatexas.com,São Paulo,Y
486,http://www.aimmediatexas.com,Hong Kong,Y
487,http://www.aimmediatexas.com,Tel Aviv,Y
488,http://www.aimmediatexas.com,New Delhi,Y
489,http://www.aimmediatexas.com,Jakarta,Y
490,http://www.aimmediatexas.com,Sydney,Y
491,http://www.aimmediatexas.com,Tokyo,Y
492,http://www.aimmediatexas.com,Buenos Aires,Y
493,http://www.aimmediatexas.com,Paris,Y
494,http://www.aimmediatexas.com,Seoul,Y
495,http://www.aimmediatexas.com,Auckland,Y
496,http://www.aimmediatexas.com,Singapore,Y
497,http://www.aimmediatexas.com,Guadalajara,Y
498,http://www.aimmediatexas.com,Beijing,Y
499,http://www.aimmediatexas.com,Eindhoven,N
500,http://www.aimmediatexas.com,Berlin,N
501,http://www.aimmediatexas.com,Brussels,N
502,http://www.aimmediatexas.com,Frankfurt,N
503,http://www.aimmediatexas.com,Amsterdam,N
504,http://www.aimmediatexas.com,Dublin,N
505,http://www.aimmediatexas.com,Groningen,N
506,http://www.aimmediatexas.com,Göteborg,N
507,http://www.aimmediatexas.com,Lelystad,N
508,http://www.aimmediatexas.com,Hamburg,N
509,http://www.aimmediatexas.com,Leipzig,N
510,http://www.aimmediatexas.com,Haarlem,N
511,http://www.aimmediatexas.com,Salzburg,N
512,http://www.aimmediatexas.com,Palermo,N
513,http://www.aimmediatexas.com,Rome,N
514,http://www.airthinx.io,New York,N
515,http://www.airthinx.io,Seattle,N
516,http://www.airthinx.io,San Diego,N
517,http://www.airthinx.io,Guadalajara,N
518,http://www.airthinx.io,Los Angeles,N
519,http://www.airthinx.io,Beijing,N
520,http://www.airthinx.io,Auckland,N
521,http://www.airthinx.io,Göteborg,N
522,http://www.airthinx.io,Berlin,N
523,http://www.airthinx.io,Honolulu,N
524,http://www.airthinx.io,Tampa,N
525,http://www.airthinx.io,Hamburg,N
526,http://www.airthinx.io,Hong Kong,N
527,http://www.airthinx.io,Jakarta,N
528,http://www.airthinx.io,Leipzig,N
529,http://www.airthinx.io,Buenos Aires,N
530,http://www.airthinx.io,Haarlem,N
531,http://www.airthinx.io,London,N
532,http://www.airthinx.io,Eindhoven,N
533,http://www.airthinx.io,Groningen,N
534,http://www.airthinx.io,Frankfurt,N
535,http://www.airthinx.io,Palermo,N
536,http://www.airthinx.io,Paris,N
537,http://www.airthinx.io,New Delhi,N
538,http://www.airthinx.io,Edinburgh,N
539,http://www.airthinx.io,Lelystad,N
540,http://www.airthinx.io,Milan,N
541,http://www.airthinx.io,Brussels,N
542,http://www.airthinx.io,Oslo,N
543,http://www.airthinx.io,Prague,N
544,http://www.airthinx.io,Dublin,N
545,http://www.airthinx.io,Amsterdam,N
546,http://www.airthinx.io,Rome,N
547,http://www.airthinx.io,Seoul,N
548,http://www.airthinx.io,São Paulo,N
549,http://www.airthinx.io,Sydney,N
550,http://www.airthinx.io,Tel Aviv,N
551,http://www.airthinx.io,Tokyo,N
552,http://www.airthinx.io,Singapore,N
553,http://www.airthinx.io,Toronto,N
554,http://www.airthinx.io,Lille,N
555,http://www.airthinx.io,Salzburg,N
556,http://www.airthinx.io,Vancouver,N
557,https://democratherald.com,New York,N
558,https://democratherald.com,Seattle,N
559,https://democratherald.com,San Diego,N
560,https://democratherald.com,Guadalajara,N
561,https://democratherald.com,Los Angeles,N
562,https://democratherald.com,Beijing,N
563,https://democratherald.com,Auckland,N
564,https://democratherald.com,Göteborg,N
565,https://democratherald.com,Berlin,N
566,https://democratherald.com,Honolulu,N
567,https://democratherald.com,Tampa,N
568,https://democratherald.com,Hamburg,N
569,https://democratherald.com,Hong Kong,N
570,https://democratherald.com,Jakarta,N
571,https://democratherald.com,Leipzig,N
572,https://democratherald.com,Buenos Aires,N
573,https://democratherald.com,Haarlem,N
574,https://democratherald.com,London,N
575,https://democratherald.com,Eindhoven,N
576,https://democratherald.com,Groningen,N
577,https://democratherald.com,Frankfurt,N
578,https://democratherald.com,Palermo,N
579,https://democratherald.com,Paris,N
580,https://democratherald.com,New Delhi,N
581,https://democratherald.com,Edinburgh,N
582,https://democratherald.com,Lelystad,N
583,https://democratherald.com,Milan,N
584,https://democratherald.com,Brussels,N
585,https://democratherald.com,Oslo,N
586,https://democratherald.com,Prague,N
587,https://democratherald.com,Dublin,N
588,https://democratherald.com,Amsterdam,N
589,https://democratherald.com,Rome,N
590,https://democratherald.com,Seoul,N
591,https://democratherald.com,São Paulo,N
592,https://democratherald.com,Sydney,N
593,https://democratherald.com,Tel Aviv,N
594,https://democratherald.com,Tokyo,N
595,https://democratherald.com,Singapore,N
596,https://democratherald.com,Toronto,N
597,https://democratherald.com,Lille,N
598,https://democratherald.com,Salzburg,N
599,https://democratherald.com,Vancouver,N
600,http://albertafarmexpress.ca,New York,N
601,http://albertafarmexpress.ca,Seattle,N
602,http://albertafarmexpress.ca,San Diego,N
603,http://albertafarmexpress.ca,Guadalajara,N
604,http://albertafarmexpress.ca,Los Angeles,N
605,http://albertafarmexpress.ca,Beijing,N
606,http://albertafarmexpress.ca,Auckland,N
607,http://albertafarmexpress.ca,Göteborg,N
608,http://albertafarmexpress.ca,Berlin,N
609,http://albertafarmexpress.ca,Honolulu,N
610,http://albertafarmexpress.ca,Tampa,N
611,http://albertafarmexpress.ca,Hamburg,N
612,http://albertafarmexpress.ca,Hong Kong,N
613,http://albertafarmexpress.ca,Jakarta,N
614,http://albertafarmexpress.ca,Leipzig,N
615,http://albertafarmexpress.ca,Buenos Aires,N
616,http://albertafarmexpress.ca,Haarlem,N
617,http://albertafarmexpress.ca,London,N
618,http://albertafarmexpress.ca,Eindhoven,N
619,http://albertafarmexpress.ca,Groningen,N
620,http://albertafarmexpress.ca,Frankfurt,N
621,http://albertafarmexpress.ca,Palermo,N
622,http://albertafarmexpress.ca,Paris,N
623,http://albertafarmexpress.ca,New Delhi,N
624,http://albertafarmexpress.ca,Edinburgh,N
625,http://albertafarmexpress.ca,Lelystad,N
626,http://albertafarmexpress.ca,Milan,N
627,http://albertafarmexpress.ca,Brussels,N
628,http://albertafarmexpress.ca,Oslo,N
629,http://albertafarmexpress.ca,Prague,N
630,http://albertafarmexpress.ca,Dublin,N
631,http://albertafarmexpress.ca,Amsterdam,N
632,http://albertafarmexpress.ca,Rome,N
633,http://albertafarmexpress.ca,Seoul,N
634,http://albertafarmexpress.ca,São Paulo,N
635,http://albertafarmexpress.ca,Sydney,N
636,http://albertafarmexpress.ca,Tel Aviv,N
637,http://albertafarmexpress.ca,Tokyo,N
638,http://albertafarmexpress.ca,Singapore,N
639,http://albertafarmexpress.ca,Toronto,N
640,http://albertafarmexpress.ca,Lille,N
641,http://albertafarmexpress.ca,Salzburg,N
642,http://albertafarmexpress.ca,Vancouver,N
643,http://www.aledotimesrecord.com,New York,Y
644,http://www.aledotimesrecord.com,Tampa,Y
645,http://www.aledotimesrecord.com,Los Angeles,Y
646,http://www.aledotimesrecord.com,Seattle,Y
647,http://www.aledotimesrecord.com,Edinburgh,Y
648,http://www.aledotimesrecord.com,Groningen,Y
649,http://www.aledotimesrecord.com,San Diego,Y
650,http://www.aledotimesrecord.com,Guadalajara,Y
651,http://www.aledotimesrecord.com,Hamburg,Y
652,http://www.aledotimesrecord.com,Lille,Y
653,http://www.aledotimesrecord.com,Eindhoven,Y
654,http://www.aledotimesrecord.com,Prague,Y
655,http://www.aledotimesrecord.com,Brussels,Y
656,http://www.aledotimesrecord.com,Amsterdam,Y
657,http://www.aledotimesrecord.com,Lelystad,Y
658,http://www.aledotimesrecord.com,Milan,Y
659,http://www.aledotimesrecord.com,Oslo,Y
660,http://www.aledotimesrecord.com,Haarlem,Y
661,http://www.aledotimesrecord.com,London,Y
662,http://www.aledotimesrecord.com,Göteborg,Y
663,http://www.aledotimesrecord.com,Dublin,Y
664,http://www.aledotimesrecord.com,Salzburg,Y
665,http://www.aledotimesrecord.com,Tel Aviv,Y
666,http://www.aledotimesrecord.com,Leipzig,Y
667,http://www.aledotimesrecord.com,Palermo,Y
668,http://www.aledotimesrecord.com,Tokyo,Y
669,http://www.aledotimesrecord.com,Sydney,Y
670,http://www.aledotimesrecord.com,Auckland,Y
671,http://www.aledotimesrecord.com,Buenos Aires,Y
672,http://www.aledotimesrecord.com,Hong Kong,Y
673,http://www.aledotimesrecord.com,São Paulo,Y
674,http://www.aledotimesrecord.com,Rome,Y
675,http://www.aledotimesrecord.com,Berlin,Y
676,http://www.aledotimesrecord.com,Singapore,Y
677,http://www.aledotimesrecord.com,Jakarta,Y
678,http://www.aledotimesrecord.com,Seoul,Y
679,http://www.aledotimesrecord.com,Frankfurt,Y
680,http://www.aledotimesrecord.com,New Delhi,Y
681,http://www.aledotimesrecord.com,Paris,Y
682,http://www.aledotimesrecord.com,Beijing,Y
683,http://www.aledotimesrecord.com,Honolulu,Y
684,https://www.alicetx.com,Toronto,Y
685,https://www.alicetx.com,Tampa,Y
686,https://www.alicetx.com,Seattle,Y
687,https://www.alicetx.com,New York,Y
688,https://www.alicetx.com,Los Angeles,Y
689,https://www.alicetx.com,San Diego,Y
690,https://www.alicetx.com,Honolulu,Y
691,https://www.alicetx.com,Hong Kong,Y
692,https://www.alicetx.com,Vancouver,Y
693,https://www.alicetx.com,Auckland,Y
694,https://www.alicetx.com,Tel Aviv,Y
695,https://www.alicetx.com,Buenos Aires,Y
696,https://www.alicetx.com,Tokyo,Y
697,https://www.alicetx.com,São Paulo,Y
698,https://www.alicetx.com,Sydney,Y
699,https://www.alicetx.com,Singapore,Y
700,https://www.alicetx.com,Jakarta,Y
701,https://www.alicetx.com,Seoul,Y
702,https://www.alicetx.com,New Delhi,Y
703,https://www.alicetx.com,Beijing,Y
704,https://www.alicetx.com,Amsterdam,N
705,https://www.alicetx.com,Dublin,N
706,https://www.alicetx.com,Eindhoven,N
707,https://www.alicetx.com,Lelystad,N
708,https://www.alicetx.com,Haarlem,N
709,https://www.alicetx.com,Lille,N
710,https://www.alicetx.com,Berlin,N
711,https://www.alicetx.com,Groningen,N
712,https://www.alicetx.com,Brussels,N
713,https://www.alicetx.com,Frankfurt,N
714,https://www.alicetx.com,Leipzig,N
715,https://www.alicetx.com,Edinburgh,N
716,https://www.alicetx.com,Hamburg,N
717,https://www.alicetx.com,Göteborg,N
718,https://www.alicetx.com,Paris,N
719,https://www.alicetx.com,Rome,N
720,https://www.alicetx.com,London,N
721,https://www.alicetx.com,Oslo,N
722,https://www.alicetx.com,Milan,N
723,https://www.alicetx.com,Palermo,N
724,https://www.alicetx.com,Prague,N
725,https://www.alicetx.com,Salzburg,N
726,http://www.alliancetimes.com,Toronto,Y
727,http://www.alliancetimes.com,New York,Y
728,http://www.alliancetimes.com,Tampa,Y
729,http://www.alliancetimes.com,Seattle,Y
730,http://www.alliancetimes.com,Vancouver,Y
731,http://www.alliancetimes.com,Los Angeles,Y
732,http://www.alliancetimes.com,San Diego,Y
733,http://www.alliancetimes.com,Brussels,Y
734,http://www.alliancetimes.com,Honolulu,Y
735,http://www.alliancetimes.com,Milan,Y
736,http://www.alliancetimes.com,Palermo,Y
737,http://www.alliancetimes.com,Tokyo,Y
738,http://www.alliancetimes.com,Hong Kong,Y
739,http://www.alliancetimes.com,Buenos Aires,Y
740,http://www.alliancetimes.com,São Paulo,Y
741,http://www.alliancetimes.com,Singapore,Y
742,http://www.alliancetimes.com,Tel Aviv,Y
743,http://www.alliancetimes.com,Seoul,Y
744,http://www.alliancetimes.com,Jakarta,Y
745,http://www.alliancetimes.com,New Delhi,Y
746,http://www.alliancetimes.com,Sydney,Y
747,http://www.alliancetimes.com,Auckland,Y
748,http://www.alliancetimes.com,Berlin,N
749,http://www.alliancetimes.com,Amsterdam,N
750,http://www.alliancetimes.com,Dublin,N
751,http://www.alliancetimes.com,Beijing,N
752,http://www.alliancetimes.com,Lelystad,N
753,http://www.alliancetimes.com,Hamburg,N
754,http://www.alliancetimes.com,Eindhoven,N
755,http://www.alliancetimes.com,Lille,N
756,http://www.alliancetimes.com,Frankfurt,N
757,http://www.alliancetimes.com,Edinburgh,N
758,http://www.alliancetimes.com,Leipzig,N
759,http://www.alliancetimes.com,Göteborg,N
760,http://www.alliancetimes.com,Groningen,N
761,http://www.alliancetimes.com,Haarlem,N
762,http://www.alliancetimes.com,London,N
763,http://www.alliancetimes.com,Paris,N
764,http://www.alliancetimes.com,Rome,N
765,http://www.alliancetimes.com,Oslo,N
766,http://www.alliancetimes.com,Salzburg,N
767,https://www.alliednews.com,Toronto,Y
768,https://www.alliednews.com,New York,Y
769,https://www.alliednews.com,Seattle,Y
770,https://www.alliednews.com,Vancouver,Y
771,https://www.alliednews.com,Los Angeles,Y
772,https://www.alliednews.com,San Diego,Y
773,https://www.alliednews.com,Haarlem,Y
774,https://www.alliednews.com,Amsterdam,Y
775,https://www.alliednews.com,Groningen,Y
776,https://www.alliednews.com,Lelystad,Y
777,https://www.alliednews.com,Brussels,Y
778,https://www.alliednews.com,Eindhoven,Y
779,https://www.alliednews.com,Göteborg,Y
780,https://www.alliednews.com,Honolulu,Y
781,https://www.alliednews.com,Salzburg,Y
782,https://www.alliednews.com,Guadalajara,Y
783,https://www.alliednews.com,Tokyo,Y
784,https://www.alliednews.com,São Paulo,Y
785,https://www.alliednews.com,Hong Kong,Y
786,https://www.alliednews.com,Tel Aviv,Y
787,https://www.alliednews.com,New Delhi,Y
788,https://www.alliednews.com,Singapore,Y
789,https://www.alliednews.com,Seoul,Y
790,https://www.alliednews.com,Sydney,Y
791,https://www.alliednews.com,Buenos Aires,Y
792,https://www.alliednews.com,Auckland,Y
793,https://www.alliednews.com,Beijing,Y
794,https://www.alliednews.com,Tampa,N
795,https://www.alliednews.com,Dublin,N
796,https://www.alliednews.com,Edinburgh,N
797,https://www.alliednews.com,Berlin,N
798,https://www.alliednews.com,Frankfurt,N
799,https://www.alliednews.com,Leipzig,N
800,https://www.alliednews.com,Hamburg,N
801,https://www.alliednews.com,Lille,N
802,https://www.alliednews.com,London,N
803,https://www.alliednews.com,Milan,N
804,https://www.alliednews.com,Prague,N
805,https://www.alliednews.com,Palermo,N
806,https://www.alliednews.com,Oslo,N
807,https://www.alliednews.com,Rome,N
808,https://www.alliednews.com,Paris,N
809,http://allston.wickedlocal.com,Toronto,Y
810,http://allston.wickedlocal.com,New York,Y
811,http://allston.wickedlocal.com,Seattle,Y
812,http://allston.wickedlocal.com,Vancouver,Y
813,http://allston.wickedlocal.com,Los Angeles,Y
814,http://allston.wickedlocal.com,San Diego,Y
815,http://allston.wickedlocal.com,Haarlem,Y
816,http://allston.wickedlocal.com,Amsterdam,Y
817,http://allston.wickedlocal.com,Groningen,Y
818,http://allston.wickedlocal.com,Lelystad,Y
819,http://allston.wickedlocal.com,Brussels,Y
820,http://allston.wickedlocal.com,Eindhoven,Y
821,http://allston.wickedlocal.com,Göteborg,Y
822,http://allston.wickedlocal.com,Honolulu,Y
823,http://allston.wickedlocal.com,Salzburg,Y
824,http://allston.wickedlocal.com,Guadalajara,Y
825,http://allston.wickedlocal.com,Tokyo,Y
826,http://allston.wickedlocal.com,São Paulo,Y
827,http://allston.wickedlocal.com,Hong Kong,Y
828,http://allston.wickedlocal.com,Tel Aviv,Y
829,http://allston.wickedlocal.com,New Delhi,Y
830,http://allston.wickedlocal.com,Singapore,Y
831,http://allston.wickedlocal.com,Seoul,Y
832,http://allston.wickedlocal.com,Sydney,Y
833,http://allston.wickedlocal.com,Buenos Aires,Y
834,http://allston.wickedlocal.com,Auckland,Y
835,http://allston.wickedlocal.com,Beijing,Y
836,http://allston.wickedlocal.com,Tampa,N
837,http://allston.wickedlocal.com,Dublin,N
838,http://allston.wickedlocal.com,Edinburgh,N
839,http://allston.wickedlocal.com,Berlin,N
840,http://allston.wickedlocal.com,Frankfurt,N
841,http://allston.wickedlocal.com,Leipzig,N
842,http://allston.wickedlocal.com,Hamburg,N
843,http://allston.wickedlocal.com,Lille,N
844,http://allston.wickedlocal.com,London,N
845,http://allston.wickedlocal.com,Milan,N
846,http://allston.wickedlocal.com,Prague,N
847,http://allston.wickedlocal.com,Palermo,N
848,http://allston.wickedlocal.com,Oslo,N
849,http://allston.wickedlocal.com,Rome,N
850,http://allston.wickedlocal.com,Paris,N
851,https://www.amny.com,Toronto,Y
852,https://www.amny.com,New York,Y
853,https://www.amny.com,Seattle,Y
854,https://www.amny.com,Vancouver,Y
855,https://www.amny.com,Los Angeles,Y
856,https://www.amny.com,San Diego,Y
857,https://www.amny.com,Haarlem,Y
858,https://www.amny.com,Amsterdam,Y
859,https://www.amny.com,Groningen,Y
860,https://www.amny.com,Lelystad,Y
861,https://www.amny.com,Brussels,Y
862,https://www.amny.com,Eindhoven,Y
863,https://www.amny.com,Göteborg,Y
864,https://www.amny.com,Honolulu,Y
865,https://www.amny.com,Salzburg,Y
866,https://www.amny.com,Guadalajara,Y
867,https://www.amny.com,Tokyo,Y
868,https://www.amny.com,São Paulo,Y
869,https://www.amny.com,Hong Kong,Y
870,https://www.amny.com,Tel Aviv,Y
871,https://www.amny.com,New Delhi,Y
872,https://www.amny.com,Singapore,Y
873,https://www.amny.com,Seoul,Y
874,https://www.amny.com,Sydney,Y
875,https://www.amny.com,Buenos Aires,Y
876,https://www.amny.com,Auckland,Y
877,https://www.amny.com,Beijing,Y
878,https://www.amny.com,Tampa,N
879,https://www.amny.com,Dublin,N
880,https://www.amny.com,Edinburgh,N
881,https://www.amny.com,Berlin,N
882,https://www.amny.com,Frankfurt,N
883,https://www.amny.com,Leipzig,N
884,https://www.amny.com,Hamburg,N
885,https://www.amny.com,Lille,N
886,https://www.amny.com,London,N
887,https://www.amny.com,Milan,N
888,https://www.amny.com,Prague,N
889,https://www.amny.com,Palermo,N
890,https://www.amny.com,Oslo,N
891,https://www.amny.com,Rome,N
892,https://www.amny.com,Paris,N
893,https://www.amarillo.com,Toronto,Y
894,https://www.amarillo.com,Tampa,Y
895,https://www.amarillo.com,New York,Y
896,https://www.amarillo.com,Vancouver,Y
897,https://www.amarillo.com,Seattle,Y
898,https://www.amarillo.com,Los Angeles,Y
899,https://www.amarillo.com,Guadalajara,Y
900,https://www.amarillo.com,San Diego,Y
901,https://www.amarillo.com,Honolulu,Y
902,https://www.amarillo.com,Tokyo,Y
903,https://www.amarillo.com,Buenos Aires,Y
904,https://www.amarillo.com,Tel Aviv,Y
905,https://www.amarillo.com,São Paulo,Y
906,https://www.amarillo.com,Sydney,Y
907,https://www.amarillo.com,Auckland,Y
908,https://www.amarillo.com,Hong Kong,Y
909,https://www.amarillo.com,Singapore,Y
910,https://www.amarillo.com,Jakarta,Y
911,https://www.amarillo.com,New Delhi,Y
912,https://www.amarillo.com,Seoul,Y
913,https://www.amarillo.com,Beijing,Y
914,https://www.amarillo.com,Edinburgh,N
915,https://www.amarillo.com,Berlin,N
916,https://www.amarillo.com,Leipzig,N
917,https://www.amarillo.com,Göteborg,N
918,https://www.amarillo.com,Frankfurt,N
919,https://www.amarillo.com,Dublin,N
920,https://www.amarillo.com,Groningen,N
921,https://www.amarillo.com,Lille,N
922,https://www.amarillo.com,Brussels,N
923,https://www.amarillo.com,Amsterdam,N
924,https://www.amarillo.com,Haarlem,N
925,https://www.amarillo.com,London,N
926,https://www.amarillo.com,Eindhoven,N
927,https://www.amarillo.com,Lelystad,N
928,https://www.amarillo.com,Milan,N
929,https://www.amarillo.com,Oslo,N
930,https://www.amarillo.com,Palermo,N
931,https://www.amarillo.com,Hamburg,N
932,https://www.amarillo.com,Rome,N
933,https://www.amarillo.com,Paris,N
934,https://www.amarillo.com,Prague,N
935,https://www.amarillo.com,Salzburg,N
936,https://www.americanmediainc.com,Toronto,Y
937,https://www.americanmediainc.com,Tampa,Y
938,https://www.americanmediainc.com,New York,Y
939,https://www.americanmediainc.com,Vancouver,Y
940,https://www.americanmediainc.com,Seattle,Y
941,https://www.americanmediainc.com,Los Angeles,Y
942,https://www.americanmediainc.com,Guadalajara,Y
943,https://www.americanmediainc.com,San Diego,Y
944,https://www.americanmediainc.com,Honolulu,Y
945,https://www.americanmediainc.com,Tokyo,Y
946,https://www.americanmediainc.com,Buenos Aires,Y
947,https://www.americanmediainc.com,Tel Aviv,Y
948,https://www.americanmediainc.com,São Paulo,Y
949,https://www.americanmediainc.com,Sydney,Y
950,https://www.americanmediainc.com,Auckland,Y
951,https://www.americanmediainc.com,Hong Kong,Y
952,https://www.americanmediainc.com,Singapore,Y
953,https://www.americanmediainc.com,Jakarta,Y
954,https://www.americanmediainc.com,New Delhi,Y
955,https://www.americanmediainc.com,Seoul,Y
956,https://www.americanmediainc.com,Beijing,Y
957,https://www.americanmediainc.com,Edinburgh,N
958,https://www.americanmediainc.com,Berlin,N
959,https://www.americanmediainc.com,Leipzig,N
960,https://www.americanmediainc.com,Göteborg,N
961,https://www.americanmediainc.com,Frankfurt,N
962,https://www.americanmediainc.com,Dublin,N
963,https://www.americanmediainc.com,Groningen,N
964,https://www.americanmediainc.com,Lille,N
965,https://www.americanmediainc.com,Brussels,N
966,https://www.americanmediainc.com,Amsterdam,N
967,https://www.americanmediainc.com,Haarlem,N
968,https://www.americanmediainc.com,London,N
969,https://www.americanmediainc.com,Eindhoven,N
970,https://www.americanmediainc.com,Lelystad,N
971,https://www.americanmediainc.com,Milan,N
972,https://www.americanmediainc.com,Oslo,N
973,https://www.americanmediainc.com,Palermo,N
974,https://www.americanmediainc.com,Hamburg,N
975,https://www.americanmediainc.com,Rome,N
976,https://www.americanmediainc.com,Paris,N
977,https://www.americanmediainc.com,Prague,N
978,https://www.americanmediainc.com,Salzburg,N
979,http://americanmilitarynews.com,Toronto,Y
980,http://americanmilitarynews.com,Tampa,Y
981,http://americanmilitarynews.com,New York,Y
982,http://americanmilitarynews.com,Vancouver,Y
983,http://americanmilitarynews.com,Seattle,Y
984,http://americanmilitarynews.com,Los Angeles,Y
985,http://americanmilitarynews.com,Guadalajara,Y
986,http://americanmilitarynews.com,San Diego,Y
987,http://americanmilitarynews.com,Honolulu,Y
988,http://americanmilitarynews.com,Tokyo,Y
989,http://americanmilitarynews.com,Buenos Aires,Y
990,http://americanmilitarynews.com,Tel Aviv,Y
991,http://americanmilitarynews.com,São Paulo,Y
992,http://americanmilitarynews.com,Sydney,Y
993,http://americanmilitarynews.com,Auckland,Y
994,http://americanmilitarynews.com,Hong Kong,Y
995,http://americanmilitarynews.com,Singapore,Y
996,http://americanmilitarynews.com,Jakarta,Y
997,http://americanmilitarynews.com,New Delhi,Y
998,http://americanmilitarynews.com,Seoul,Y
999,http://americanmilitarynews.com,Beijing,Y
1000,http://americanmilitarynews.com,Edinburgh,N
1001,http://americanmilitarynews.com,Berlin,N
1002,http://americanmilitarynews.com,Leipzig,N
1003,http://americanmilitarynews.com,Göteborg,N
1004,http://americanmilitarynews.com,Frankfurt,N
1005,http://americanmilitarynews.com,Dublin,N
1006,http://americanmilitarynews.com,Groningen,N
1007,http://americanmilitarynews.com,Lille,N
1008,http://americanmilitarynews.com,Brussels,N
1009,http://americanmilitarynews.com,Amsterdam,N
1010,http://americanmilitarynews.com,Haarlem,N
1011,http://americanmilitarynews.com,London,N
1012,http://americanmilitarynews.com,Eindhoven,N
1013,http://americanmilitarynews.com,Lelystad,N
1014,http://americanmilitarynews.com,Milan,N
1015,http://americanmilitarynews.com,Oslo,N
1016,http://americanmilitarynews.com,Palermo,N
1017,http://americanmilitarynews.com,Hamburg,N
1018,http://americanmilitarynews.com,Rome,N
1019,http://americanmilitarynews.com,Paris,N
1020,http://americanmilitarynews.com,Prague,N
1021,http://americanmilitarynews.com,Salzburg,N
1022,https://www.americanpress.com,New York,Y
1023,https://www.americanpress.com,Toronto,Y
1024,https://www.americanpress.com,Tampa,Y
1025,https://www.americanpress.com,San Diego,Y
1026,https://www.americanpress.com,Guadalajara,Y
1027,https://www.americanpress.com,Seattle,Y
1028,https://www.americanpress.com,Vancouver,Y
1029,https://www.americanpress.com,Los Angeles,Y
1030,https://www.americanpress.com,Honolulu,Y
1031,https://www.americanpress.com,São Paulo,Y
1032,https://www.americanpress.com,Tel Aviv,Y
1033,https://www.americanpress.com,New Delhi,Y
1034,https://www.americanpress.com,Tokyo,Y
1035,https://www.americanpress.com,Hong Kong,Y
1036,https://www.americanpress.com,Jakarta,Y
1037,https://www.americanpress.com,Buenos Aires,Y
1038,https://www.americanpress.com,Singapore,Y
1039,https://www.americanpress.com,Sydney,Y
1040,https://www.americanpress.com,Auckland,Y
1041,https://www.americanpress.com,Seoul,Y
1042,https://www.americanpress.com,Beijing,Y
1043,https://www.americanpress.com,Dublin,N
1044,https://www.americanpress.com,Frankfurt,N
1045,https://www.americanpress.com,Brussels,N
1046,https://www.americanpress.com,Eindhoven,N
1047,https://www.americanpress.com,Berlin,N
1048,https://www.americanpress.com,Amsterdam,N
1049,https://www.americanpress.com,Edinburgh,N
1050,https://www.americanpress.com,Groningen,N
1051,https://www.americanpress.com,Göteborg,N
1052,https://www.americanpress.com,Haarlem,N
1053,https://www.americanpress.com,Lelystad,N
1054,https://www.americanpress.com,Hamburg,N
1055,https://www.americanpress.com,Leipzig,N
1056,https://www.americanpress.com,Lille,N
1057,https://www.americanpress.com,London,N
1058,https://www.americanpress.com,Milan,N
1059,https://www.americanpress.com,Oslo,N
1060,https://www.americanpress.com,Paris,N
1061,https://www.americanpress.com,Palermo,N
1062,https://www.americanpress.com,Prague,N
1063,https://www.americanpress.com,Rome,N
1064,https://www.americanpress.com,Salzburg,N
1065,http://www.amestrib.com,Toronto,Y
1066,http://www.amestrib.com,New York,Y
1067,http://www.amestrib.com,Seattle,Y
1068,http://www.amestrib.com,Tampa,Y
1069,http://www.amestrib.com,Los Angeles,Y
1070,http://www.amestrib.com,San Diego,Y
1071,http://www.amestrib.com,Guadalajara,Y
1072,http://www.amestrib.com,Vancouver,Y
1073,http://www.amestrib.com,Honolulu,Y
1074,http://www.amestrib.com,Tel Aviv,Y
1075,http://www.amestrib.com,Tokyo,Y
1076,http://www.amestrib.com,Buenos Aires,Y
1077,http://www.amestrib.com,Sydney,Y
1078,http://www.amestrib.com,Hong Kong,Y
1079,http://www.amestrib.com,São Paulo,Y
1080,http://www.amestrib.com,Jakarta,Y
1081,http://www.amestrib.com,Auckland,Y
1082,http://www.amestrib.com,Singapore,Y
1083,http://www.amestrib.com,Seoul,Y
1084,http://www.amestrib.com,New Delhi,Y
1085,http://www.amestrib.com,Beijing,Y
1086,http://www.amestrib.com,Amsterdam,N
1087,http://www.amestrib.com,Leipzig,N
1088,http://www.amestrib.com,Groningen,N
1089,http://www.amestrib.com,Berlin,N
1090,http://www.amestrib.com,Frankfurt,N
1091,http://www.amestrib.com,Edinburgh,N
1092,http://www.amestrib.com,Göteborg,N
1093,http://www.amestrib.com,Eindhoven,N
1094,http://www.amestrib.com,Dublin,N
1095,http://www.amestrib.com,Brussels,N
1096,http://www.amestrib.com,Hamburg,N
1097,http://www.amestrib.com,Haarlem,N
1098,http://www.amestrib.com,Lelystad,N
1099,http://www.amestrib.com,Paris,N
1100,http://www.amestrib.com,Rome,N
1101,http://www.amestrib.com,Salzburg,N
1102,http://www.amestrib.com,Palermo,N
1103,http://www.amestrib.com,Lille,N
1104,http://www.amestrib.com,Milan,N
1105,http://www.amestrib.com,London,N
1106,http://www.amestrib.com,Prague,N
1107,http://www.amestrib.com,Oslo,N
1108,https://www.adn.com,Singapore,Y
1109,https://www.adn.com,Seattle,Y
1110,https://www.adn.com,Salzburg,Y
1111,https://www.adn.com,Lille,Y
1112,https://www.adn.com,Tampa,Y
1113,https://www.adn.com,Toronto,Y
1114,https://www.adn.com,Vancouver,Y
1115,https://www.adn.com,London,Y
1116,https://www.adn.com,San Diego,Y
1117,https://www.adn.com,Frankfurt,Y
1118,https://www.adn.com,Jakarta,Y
1119,https://www.adn.com,Prague,Y
1120,https://www.adn.com,Guadalajara,Y
1121,https://www.adn.com,Paris,Y
1122,https://www.adn.com,Milan,Y
1123,https://www.adn.com,Haarlem,Y
1124,https://www.adn.com,Honolulu,Y
1125,https://www.adn.com,Hamburg,Y
1126,https://www.adn.com,Oslo,Y
1127,https://www.adn.com,Groningen,Y
1128,https://www.adn.com,New York,Y
1129,https://www.adn.com,Los Angeles,Y
1130,https://www.adn.com,Palermo,Y
1131,https://www.adn.com,Brussels,Y
1132,https://www.adn.com,Amsterdam,Y
1133,https://www.adn.com,Tel Aviv,Y
1134,https://www.adn.com,Lelystad,Y
1135,https://www.adn.com,Dublin,Y
1136,https://www.adn.com,Tokyo,Y
1137,https://www.adn.com,Edinburgh,Y
1138,https://www.adn.com,Göteborg,Y
1139,https://www.adn.com,Eindhoven,Y
1140,https://www.adn.com,Beijing,Y
1141,https://www.adn.com,Rome,Y
1142,https://www.adn.com,Leipzig,Y
1143,https://www.adn.com,São Paulo,Y
1144,https://www.adn.com,Hong Kong,Y
1145,https://www.adn.com,Berlin,Y
1146,https://www.adn.com,Sydney,Y
1147,https://www.adn.com,Buenos Aires,Y
1148,https://www.adn.com,Seoul,Y
1149,https://www.adn.com,New Delhi,Y
1150,https://www.adn.com,Auckland,Y
1151,https://www.anchoragepress.com,Toronto,Y
1152,https://www.anchoragepress.com,New York,Y
1153,https://www.anchoragepress.com,Seattle,Y
1154,https://www.anchoragepress.com,San Diego,Y
1155,https://www.anchoragepress.com,Los Angeles,Y
1156,https://www.anchoragepress.com,Vancouver,Y
1157,https://www.anchoragepress.com,Tampa,Y
1158,https://www.anchoragepress.com,Göteborg,Y
1159,https://www.anchoragepress.com,Honolulu,Y
1160,https://www.anchoragepress.com,Tel Aviv,Y
1161,https://www.anchoragepress.com,Guadalajara,Y
1162,https://www.anchoragepress.com,Tokyo,Y
1163,https://www.anchoragepress.com,São Paulo,Y
1164,https://www.anchoragepress.com,Hong Kong,Y
1165,https://www.anchoragepress.com,Singapore,Y
1166,https://www.anchoragepress.com,Seoul,Y
1167,https://www.anchoragepress.com,New Delhi,Y
1168,https://www.anchoragepress.com,Jakarta,Y
1169,https://www.anchoragepress.com,Buenos Aires,Y
1170,https://www.anchoragepress.com,Sydney,Y
1171,https://www.anchoragepress.com,Auckland,Y
1172,https://www.anchoragepress.com,Beijing,Y
1173,https://www.anchoragepress.com,Frankfurt,N
1174,https://www.anchoragepress.com,Amsterdam,N
1175,https://www.anchoragepress.com,Berlin,N
1176,https://www.anchoragepress.com,Brussels,N
1177,https://www.anchoragepress.com,Eindhoven,N
1178,https://www.anchoragepress.com,Edinburgh,N
1179,https://www.anchoragepress.com,Dublin,N
1180,https://www.anchoragepress.com,Haarlem,N
1181,https://www.anchoragepress.com,Lelystad,N
1182,https://www.anchoragepress.com,Leipzig,N
1183,https://www.anchoragepress.com,Groningen,N
1184,https://www.anchoragepress.com,Hamburg,N
1185,https://www.anchoragepress.com,Lille,N
1186,https://www.anchoragepress.com,London,N
1187,https://www.anchoragepress.com,Oslo,N
1188,https://www.anchoragepress.com,Palermo,N
1189,https://www.anchoragepress.com,Milan,N
1190,https://www.anchoragepress.com,Paris,N
1191,https://www.anchoragepress.com,Prague,N
1192,https://www.anchoragepress.com,Rome,N
1193,https://www.anchoragepress.com,Salzburg,N
1194,https://www.andovertownsman.com,Toronto,Y
1195,https://www.andovertownsman.com,New York,Y
1196,https://www.andovertownsman.com,Seattle,Y
1197,https://www.andovertownsman.com,Tampa,Y
1198,https://www.andovertownsman.com,Vancouver,Y
1199,https://www.andovertownsman.com,Los Angeles,Y
1200,https://www.andovertownsman.com,San Diego,Y
1201,https://www.andovertownsman.com,Brussels,Y
1202,https://www.andovertownsman.com,Dublin,Y
1203,https://www.andovertownsman.com,Honolulu,Y
1204,https://www.andovertownsman.com,Tokyo,Y
1205,https://www.andovertownsman.com,São Paulo,Y
1206,https://www.andovertownsman.com,Jakarta,Y
1207,https://www.andovertownsman.com,Sydney,Y
1208,https://www.andovertownsman.com,Hong Kong,Y
1209,https://www.andovertownsman.com,Seoul,Y
1210,https://www.andovertownsman.com,Singapore,Y
1211,https://www.andovertownsman.com,Tel Aviv,Y
1212,https://www.andovertownsman.com,Guadalajara,Y
1213,https://www.andovertownsman.com,Buenos Aires,Y
1214,https://www.andovertownsman.com,New Delhi,Y
1215,https://www.andovertownsman.com,Auckland,Y
1216,https://www.andovertownsman.com,Beijing,Y
1217,https://www.andovertownsman.com,Hamburg,N
1218,https://www.andovertownsman.com,Berlin,N
1219,https://www.andovertownsman.com,Leipzig,N
1220,https://www.andovertownsman.com,Eindhoven,N
1221,https://www.andovertownsman.com,Edinburgh,N
1222,https://www.andovertownsman.com,Frankfurt,N
1223,https://www.andovertownsman.com,Göteborg,N
1224,https://www.andovertownsman.com,Haarlem,N
1225,https://www.andovertownsman.com,Amsterdam,N
1226,https://www.andovertownsman.com,Lille,N
1227,https://www.andovertownsman.com,London,N
1228,https://www.andovertownsman.com,Groningen,N
1229,https://www.andovertownsman.com,Lelystad,N
1230,https://www.andovertownsman.com,Oslo,N
1231,https://www.andovertownsman.com,Paris,N
1232,https://www.andovertownsman.com,Palermo,N
1233,https://www.andovertownsman.com,Rome,N
1234,https://www.andovertownsman.com,Prague,N
1235,https://www.andovertownsman.com,Salzburg,N
1236,https://www.andovertownsman.com,Milan,N
1237,http://www.apg-wi.com,Toronto,Y
1238,http://www.apg-wi.com,New York,Y
1239,http://www.apg-wi.com,San Diego,Y
1240,http://www.apg-wi.com,Seattle,Y
1241,http://www.apg-wi.com,Los Angeles,Y
1242,http://www.apg-wi.com,Tampa,Y
1243,http://www.apg-wi.com,Vancouver,Y
1244,http://www.apg-wi.com,Guadalajara,Y
1245,http://www.apg-wi.com,Tel Aviv,Y
1246,http://www.apg-wi.com,Hong Kong,Y
1247,http://www.apg-wi.com,Tokyo,Y
1248,http://www.apg-wi.com,Singapore,Y
1249,http://www.apg-wi.com,New Delhi,Y
1250,http://www.apg-wi.com,São Paulo,Y
1251,http://www.apg-wi.com,Sydney,Y
1252,http://www.apg-wi.com,Jakarta,Y
1253,http://www.apg-wi.com,Seoul,Y
1254,http://www.apg-wi.com,Buenos Aires,Y
1255,http://www.apg-wi.com,Auckland,Y
1256,http://www.apg-wi.com,Honolulu,Y
1257,http://www.apg-wi.com,Beijing,Y
1258,http://www.apg-wi.com,Amsterdam,N
1259,http://www.apg-wi.com,Frankfurt,N
1260,http://www.apg-wi.com,Dublin,N
1261,http://www.apg-wi.com,Brussels,N
1262,http://www.apg-wi.com,Berlin,N
1263,http://www.apg-wi.com,Eindhoven,N
1264,http://www.apg-wi.com,Hamburg,N
1265,http://www.apg-wi.com,Lelystad,N
1266,http://www.apg-wi.com,Göteborg,N
1267,http://www.apg-wi.com,Groningen,N
1268,http://www.apg-wi.com,Leipzig,N
1269,http://www.apg-wi.com,Haarlem,N
1270,http://www.apg-wi.com,Edinburgh,N
1271,http://www.apg-wi.com,London,N
1272,http://www.apg-wi.com,Lille,N
1273,http://www.apg-wi.com,Palermo,N
1274,http://www.apg-wi.com,Oslo,N
1275,http://www.apg-wi.com,Milan,N
1276,http://www.apg-wi.com,Paris,N
1277,http://www.apg-wi.com,Prague,N
1278,http://www.apg-wi.com,Rome,N
1279,http://www.apg-wi.com,Salzburg,N
1280,https://www.apgwest.com,Toronto,Y
1281,https://www.apgwest.com,New York,Y
1282,https://www.apgwest.com,Los Angeles,Y
1283,https://www.apgwest.com,Seattle,Y
1284,https://www.apgwest.com,San Diego,Y
1285,https://www.apgwest.com,Vancouver,Y
1286,https://www.apgwest.com,Tampa,Y
1287,https://www.apgwest.com,Guadalajara,Y
1288,https://www.apgwest.com,Honolulu,Y
1289,https://www.apgwest.com,Tokyo,Y
1290,https://www.apgwest.com,São Paulo,Y
1291,https://www.apgwest.com,Tel Aviv,Y
1292,https://www.apgwest.com,Hong Kong,Y
1293,https://www.apgwest.com,Buenos Aires,Y
1294,https://www.apgwest.com,Jakarta,Y
1295,https://www.apgwest.com,New Delhi,Y
1296,https://www.apgwest.com,Singapore,Y
1297,https://www.apgwest.com,Sydney,Y
1298,https://www.apgwest.com,Seoul,Y
1299,https://www.apgwest.com,Auckland,Y
1300,https://www.apgwest.com,Beijing,Y
1301,https://www.apgwest.com,Berlin,N
1302,https://www.apgwest.com,Amsterdam,N
1303,https://www.apgwest.com,Dublin,N
1304,https://www.apgwest.com,Göteborg,N
1305,https://www.apgwest.com,Lelystad,N
1306,https://www.apgwest.com,Leipzig,N
1307,https://www.apgwest.com,Eindhoven,N
1308,https://www.apgwest.com,Groningen,N
1309,https://www.apgwest.com,Haarlem,N
1310,https://www.apgwest.com,Brussels,N
1311,https://www.apgwest.com,Frankfurt,N
1312,https://www.apgwest.com,Edinburgh,N
1313,https://www.apgwest.com,Hamburg,N
1314,https://www.apgwest.com,Lille,N
1315,https://www.apgwest.com,London,N
1316,https://www.apgwest.com,Milan,N
1317,https://www.apgwest.com,Palermo,N
1318,https://www.apgwest.com,Paris,N
1319,https://www.apgwest.com,Oslo,N
1320,https://www.apgwest.com,Prague,N
1321,https://www.apgwest.com,Rome,N
1322,https://www.apgwest.com,Salzburg,N
1323,https://www.appeal-democrat.com,New York,Y
1324,https://www.appeal-democrat.com,Toronto,Y
1325,https://www.appeal-democrat.com,Tampa,Y
1326,https://www.appeal-democrat.com,San Diego,Y
1327,https://www.appeal-democrat.com,Guadalajara,Y
1328,https://www.appeal-democrat.com,Frankfurt,Y
1329,https://www.appeal-democrat.com,Seattle,Y
1330,https://www.appeal-democrat.com,London,Y
1331,https://www.appeal-democrat.com,Vancouver,Y
1332,https://www.appeal-democrat.com,Amsterdam,Y
1333,https://www.appeal-democrat.com,Haarlem,Y
1334,https://www.appeal-democrat.com,Groningen,Y
1335,https://www.appeal-democrat.com,Los Angeles,Y
1336,https://www.appeal-democrat.com,Lelystad,Y
1337,https://www.appeal-democrat.com,Paris,Y
1338,https://www.appeal-democrat.com,Eindhoven,Y
1339,https://www.appeal-democrat.com,Lille,Y
1340,https://www.appeal-democrat.com,Edinburgh,Y
1341,https://www.appeal-democrat.com,Dublin,Y
1342,https://www.appeal-democrat.com,Prague,Y
1343,https://www.appeal-democrat.com,Hamburg,Y
1344,https://www.appeal-democrat.com,Berlin,Y
1345,https://www.appeal-democrat.com,Milan,Y
1346,https://www.appeal-democrat.com,Salzburg,Y
1347,https://www.appeal-democrat.com,Leipzig,Y
1348,https://www.appeal-democrat.com,Honolulu,Y
1349,https://www.appeal-democrat.com,Palermo,Y
1350,https://www.appeal-democrat.com,Oslo,Y
1351,https://www.appeal-democrat.com,São Paulo,Y
1352,https://www.appeal-democrat.com,Brussels,Y
1353,https://www.appeal-democrat.com,Buenos Aires,Y
1354,https://www.appeal-democrat.com,Göteborg,Y
1355,https://www.appeal-democrat.com,Tokyo,Y
1356,https://www.appeal-democrat.com,Hong Kong,Y
1357,https://www.appeal-democrat.com,Tel Aviv,Y
1358,https://www.appeal-democrat.com,Rome,Y
1359,https://www.appeal-democrat.com,Sydney,Y
1360,https://www.appeal-democrat.com,New Delhi,Y
1361,https://www.appeal-democrat.com,Seoul,Y
1362,https://www.appeal-democrat.com,Jakarta,Y
1363,https://www.appeal-democrat.com,Auckland,Y
1364,https://www.appeal-democrat.com,Singapore,Y
1365,https://www.appeal-democrat.com,Beijing,Y
1366,https://www.northfulton.com,New York,Y
1367,https://www.northfulton.com,Toronto,Y
1368,https://www.northfulton.com,Tampa,Y
1369,https://www.northfulton.com,San Diego,Y
1370,https://www.northfulton.com,Brussels,Y
1371,https://www.northfulton.com,Vancouver,Y
1372,https://www.northfulton.com,Seattle,Y
1373,https://www.northfulton.com,Los Angeles,Y
1374,https://www.northfulton.com,Prague,Y
1375,https://www.northfulton.com,Göteborg,Y
1376,https://www.northfulton.com,Oslo,Y
1377,https://www.northfulton.com,Honolulu,Y
1378,https://www.northfulton.com,Tel Aviv,Y
1379,https://www.northfulton.com,Tokyo,Y
1380,https://www.northfulton.com,Guadalajara,Y
1381,https://www.northfulton.com,New Delhi,Y
1382,https://www.northfulton.com,Hong Kong,Y
1383,https://www.northfulton.com,Singapore,Y
1384,https://www.northfulton.com,Auckland,Y
1385,https://www.northfulton.com,São Paulo,Y
1386,https://www.northfulton.com,Sydney,Y
1387,https://www.northfulton.com,Jakarta,Y
1388,https://www.northfulton.com,Buenos Aires,Y
1389,https://www.northfulton.com,Seoul,Y
1390,https://www.northfulton.com,Beijing,Y
1391,https://www.northfulton.com,Dublin,N
1392,https://www.northfulton.com,Amsterdam,N
1393,https://www.northfulton.com,Edinburgh,N
1394,https://www.northfulton.com,Haarlem,N
1395,https://www.northfulton.com,Leipzig,N
1396,https://www.northfulton.com,Groningen,N
1397,https://www.northfulton.com,Berlin,N
1398,https://www.northfulton.com,Frankfurt,N
1399,https://www.northfulton.com,Lelystad,N
1400,https://www.northfulton.com,Hamburg,N
1401,https://www.northfulton.com,Eindhoven,N
1402,https://www.northfulton.com,Milan,N
1403,https://www.northfulton.com,Paris,N
1404,https://www.northfulton.com,Palermo,N
1405,https://www.northfulton.com,Rome,N
1406,https://www.northfulton.com,Lille,N
1407,https://www.northfulton.com,London,N
1408,https://www.northfulton.com,Salzburg,N
1409,https://www.argus-press.com,Toronto,Y
1410,https://www.argus-press.com,New York,Y
1411,https://www.argus-press.com,Tampa,Y
1412,https://www.argus-press.com,Vancouver,Y
1413,https://www.argus-press.com,Los Angeles,Y
1414,https://www.argus-press.com,Seattle,Y
1415,https://www.argus-press.com,San Diego,Y
1416,https://www.argus-press.com,Guadalajara,Y
1417,https://www.argus-press.com,Honolulu,Y
1418,https://www.argus-press.com,Tokyo,Y
1419,https://www.argus-press.com,Tel Aviv,Y
1420,https://www.argus-press.com,Buenos Aires,Y
1421,https://www.argus-press.com,Jakarta,Y
1422,https://www.argus-press.com,Hong Kong,Y
1423,https://www.argus-press.com,São Paulo,Y
1424,https://www.argus-press.com,New Delhi,Y
1425,https://www.argus-press.com,Seoul,Y
1426,https://www.argus-press.com,Sydney,Y
1427,https://www.argus-press.com,Singapore,Y
1428,https://www.argus-press.com,Auckland,Y
1429,https://www.argus-press.com,Beijing,Y
1430,https://www.argus-press.com,Edinburgh,N
1431,https://www.argus-press.com,Berlin,N
1432,https://www.argus-press.com,Brussels,N
1433,https://www.argus-press.com,Eindhoven,N
1434,https://www.argus-press.com,Amsterdam,N
1435,https://www.argus-press.com,Dublin,N
1436,https://www.argus-press.com,Frankfurt,N
1437,https://www.argus-press.com,Göteborg,N
1438,https://www.argus-press.com,Groningen,N
1439,https://www.argus-press.com,Haarlem,N
1440,https://www.argus-press.com,Leipzig,N
1441,https://www.argus-press.com,Lelystad,N
1442,https://www.argus-press.com,Hamburg,N
1443,https://www.argus-press.com,Lille,N
1444,https://www.argus-press.com,London,N
1445,https://www.argus-press.com,Palermo,N
1446,https://www.argus-press.com,Oslo,N
1447,https://www.argus-press.com,Milan,N
1448,https://www.argus-press.com,Paris,N
1449,https://www.argus-press.com,Salzburg,N
1450,https://www.argus-press.com,Rome,N
1451,https://www.argus-press.com,Prague,N
1452,https://tucson.com,Toronto,Y
1453,https://tucson.com,New York,Y
1454,https://tucson.com,Los Angeles,Y
1455,https://tucson.com,San Diego,Y
1456,https://tucson.com,Tampa,Y
1457,https://tucson.com,Vancouver,Y
1458,https://tucson.com,Seattle,Y
1459,https://tucson.com,Guadalajara,Y
1460,https://tucson.com,Honolulu,Y
1461,https://tucson.com,Tel Aviv,Y
1462,https://tucson.com,Tokyo,Y
1463,https://tucson.com,São Paulo,Y
1464,https://tucson.com,Buenos Aires,Y
1465,https://tucson.com,Hong Kong,Y
1466,https://tucson.com,Jakarta,Y
1467,https://tucson.com,Seoul,Y
1468,https://tucson.com,Sydney,Y
1469,https://tucson.com,New Delhi,Y
1470,https://tucson.com,Singapore,Y
1471,https://tucson.com,Auckland,Y
1472,https://tucson.com,Dublin,N
1473,https://tucson.com,Eindhoven,N
1474,https://tucson.com,Beijing,N
1475,https://tucson.com,Edinburgh,N
1476,https://tucson.com,Berlin,N
1477,https://tucson.com,Brussels,N
1478,https://tucson.com,Amsterdam,N
1479,https://tucson.com,Hamburg,N
1480,https://tucson.com,Groningen,N
1481,https://tucson.com,Leipzig,N
1482,https://tucson.com,Lelystad,N
1483,https://tucson.com,Frankfurt,N
1484,https://tucson.com,Göteborg,N
1485,https://tucson.com,Haarlem,N
1486,https://tucson.com,London,N
1487,https://tucson.com,Lille,N
1488,https://tucson.com,Palermo,N
1489,https://tucson.com,Oslo,N
1490,https://tucson.com,Paris,N
1491,https://tucson.com,Milan,N
1492,https://tucson.com,Prague,N
1493,https://tucson.com,Rome,N
1494,https://tucson.com,Salzburg,N
1495,https://azdailysun.com,Toronto,Y
1496,https://azdailysun.com,New York,Y
1497,https://azdailysun.com,Tampa,Y
1498,https://azdailysun.com,Vancouver,Y
1499,https://azdailysun.com,Seattle,Y
1500,https://azdailysun.com,Los Angeles,Y
1501,https://azdailysun.com,Guadalajara,Y
1502,https://azdailysun.com,San Diego,Y
1503,https://azdailysun.com,Tel Aviv,Y
1504,https://azdailysun.com,Tokyo,Y
1505,https://azdailysun.com,São Paulo,Y
1506,https://azdailysun.com,Buenos Aires,Y
1507,https://azdailysun.com,Sydney,Y
1508,https://azdailysun.com,Hong Kong,Y
1509,https://azdailysun.com,Singapore,Y
1510,https://azdailysun.com,New Delhi,Y
1511,https://azdailysun.com,Seoul,Y
1512,https://azdailysun.com,Auckland,Y
1513,https://azdailysun.com,Jakarta,Y
1514,https://azdailysun.com,Beijing,Y
1515,https://azdailysun.com,Honolulu,Y
1516,https://azdailysun.com,Amsterdam,N
1517,https://azdailysun.com,Edinburgh,N
1518,https://azdailysun.com,Eindhoven,N
1519,https://azdailysun.com,Haarlem,N
1520,https://azdailysun.com,Dublin,N
1521,https://azdailysun.com,Berlin,N
1522,https://azdailysun.com,Hamburg,N
1523,https://azdailysun.com,Leipzig,N
1524,https://azdailysun.com,Groningen,N
1525,https://azdailysun.com,Frankfurt,N
1526,https://azdailysun.com,Lelystad,N
1527,https://azdailysun.com,Brussels,N
1528,https://azdailysun.com,Göteborg,N
1529,https://azdailysun.com,Lille,N
1530,https://azdailysun.com,London,N
1531,https://azdailysun.com,Milan,N
1532,https://azdailysun.com,Oslo,N
1533,https://azdailysun.com,Palermo,N
1534,https://azdailysun.com,Paris,N
1535,https://azdailysun.com,Rome,N
1536,https://azdailysun.com,Salzburg,N
1537,https://azdailysun.com,Prague,N
